CustomerID,Gender,SeniorCitizen,Partner,Dependents,TenureMonths,PhoneService,InternetService,Contract,PaperlessBilling,PaymentMethod,MonthlyCharges,TotalCharges,Churn
CUST00001,Female,0,Yes,No,37,Yes,Fiber optic,Month-to-month,Yes,Bank transfer (automatic),86.6,3080.59,Yes
CUST00002,Male,0,No,Yes,52,Yes,DSL,Month-to-month,No,Credit card (automatic),53.33,2883.14,Yes
CUST00003,Male,0,Yes,No,33,Yes,DSL,Month-to-month,Yes,Electronic check,94.36,3262.46,Yes
CUST00004,Female,0,No,No,30,Yes,No,Two year,Yes,Electronic check,24.03,781.22,No
CUST00005,Female,0,Yes,No,58,Yes,Fiber optic,Month-to-month,Yes,Bank transfer (automatic),69.54,4028.67,No
CUST00006,Male,1,Yes,No,57,Yes,DSL,Month-to-month,No,Mailed check,71.14,3943.54,No
CUST00007,Female,0,Yes,No,15,Yes,Fiber optic,Month-to-month,No,Bank transfer (automatic),84.01,1247.26,Yes
CUST00008,Male,0,Yes,Yes,60,No,Fiber optic,Two year,Yes,Bank transfer (automatic),46.22,2822.15,No
CUST00009,Female,0,No,No,23,Yes,No,Month-to-month,No,Credit card (automatic),29.45,743.74,Yes
CUST00010,Female,1,Yes,Yes,10,Yes,Fiber optic,Month-to-month,Yes,Electronic check,76.28,817.9,No
CUST00011,Male,0,No,No,64,Yes,DSL,Month-to-month,No,Mailed check,85.16,5547.01,No
CUST00012,Male,0,Yes,Yes,17,Yes,DSL,Month-to-month,Yes,Credit card (automatic),97.19,1807.67,No
CUST00013,Male,0,Yes,Yes,14,Yes,DSL,Two year,Yes,Mailed check,63.04,,No
CUST00014,Male,1,Yes,No,19,Yes,Fiber optic,One year,Yes,Bank transfer (automatic),91.39,1960.83,No
CUST00015,Male,0,Yes,No,35,No,Fiber optic,Month-to-month,No,Electronic check,84.14,2783.3,Yes
CUST00016,Male,0,No,No,12,Yes,Fiber optic,Two year,Yes,Electronic check,105.06,1198.46,No
CUST00017,Male,0,No,Yes,11,Yes,Fiber optic,Month-to-month,Yes,Mailed check,70.62,792.82,Yes
CUST00018,Female,1,Yes,No,28,Yes,DSL,Two year,Yes,Mailed check,28.75,848.92,No
CUST00019,Male,0,No,Yes,15,Yes,DSL,Month-to-month,Yes,Bank transfer (automatic),70.31,1040.12,Yes
CUST00020,Female,0,No,Yes,14,Yes,DSL,Month-to-month,No,Bank transfer (automatic),74.21,999.28,No
CUST00021,Male,1,No,No,66,Yes,Fiber optic,Two year,Yes,Credit card (automatic),84.95,5782.91,No
CUST00022,Female,0,No,Yes,43,Yes,Fiber optic,Two year,Yes,Credit card (automatic),33.68,1404.76,No
CUST00023,Female,0,No,No,1,Yes,No,One year,No,Electronic check,20.38,0.0,Yes
CUST00024,Male,0,No,Yes,7,No,DSL,One year,Yes,Electronic check,93.7,791.17,Yes
CUST00025,Male,0,No,Yes,59,Yes,Fiber optic,Two year,No,Credit card (automatic),69.4,4162.53,No
CUST00026,Male,0,No,No,19,Yes,DSL,One year,Yes,Electronic check,64.36,1310.42,No
CUST00027,Female,0,No,Yes,11,No,Fiber optic,Month-to-month,No,Mailed check,119.66,1331.93,Yes
CUST00028,Male,0,Yes,No,48,Yes,DSL,Month-to-month,No,Electronic check,45.25,2061.92,No
CUST00029,Male,1,No,No,61,Yes,Fiber optic,One year,Yes,Bank transfer (automatic),102.83,6279.4,Yes
CUST00030,Female,0,No,Yes,29,Yes,DSL,One year,Yes,Electronic check,97.53,2707.27,No
CUST00031,Female,0,Yes,No,54,Yes,DSL,Two year,No,Electronic check,66.37,3603.36,No
CUST00032,Female,0,No,Yes,30,Yes,Fiber optic,Month-to-month,No,Bank transfer (automatic),71.18,2187.67,Yes
CUST00033,Female,0,No,No,7,Yes,Fiber optic,Month-to-month,Yes,Bank transfer (automatic),71.09,583.66,Yes
CUST00034,Male,0,Yes,Yes,58,Yes,Fiber optic,Month-to-month,Yes,Electronic check,76.55,4432.51,Yes
CUST00035,Male,1,No,No,67,No,DSL,Two year,Yes,Bank transfer (automatic),57.14,3888.23,No
CUST00036,Female,1,No,No,71,No,No,Month-to-month,No,Mailed check,31.86,2189.75,No
CUST00037,Male,0,No,No,7,Yes,DSL,Two year,No,Mailed check,63.12,519.17,Yes
CUST00038,Male,0,Yes,No,41,Yes,Fiber optic,Month-to-month,Yes,Mailed check,63.92,2674.69,No
CUST00039,Female,0,Yes,No,45,Yes,No,Month-to-month,Yes,Electronic check,18.0,745.98,No
CUST00040,Male,0,No,No,5,Yes,Fiber optic,Two year,No,Electronic check,18.0,132.43,Yes
CUST00041,Female,0,Yes,No,69,Yes,DSL,Month-to-month,No,Credit card (automatic),74.44,5223.54,No
CUST00042,Male,0,Yes,No,7,Yes,Fiber optic,Two year,Yes,Electronic check,58.81,417.96,Yes
CUST00043,Male,0,Yes,No,19,Yes,DSL,Month-to-month,Yes,Credit card (automatic),25.33,415.47,No
CUST00044,Female,0,Yes,No,70,Yes,Fiber optic,Month-to-month,Yes,Electronic check,63.25,4441.72,Yes
CUST00045,Female,0,No,Yes,40,Yes,Fiber optic,One year,No,Mailed check,62.48,2543.4,Yes
CUST00046,Male,0,No,No,49,Yes,Fiber optic,Two year,Yes,Bank transfer (automatic),103.88,5023.72,No
CUST00047,Female,0,No,No,36,Yes,No,Month-to-month,Yes,Credit card (automatic),26.32,866.91,Yes
CUST00048,Male,0,No,No,54,Yes,DSL,Month-to-month,No,Electronic check,88.69,4830.99,Yes
CUST00049,Male,0,Yes,Yes,5,No,DSL,One year,Yes,Electronic check,106.57,598.72,No
CUST00050,Male,0,Yes,No,49,Yes,Fiber optic,Two year,Yes,Bank transfer (automatic),56.3,2930.68,No
CUST00051,Male,0,Yes,Yes,4,Yes,Fiber optic,Two year,Yes,Electronic check,70.81,336.5,Yes
CUST00052,Female,0,Yes,No,13,Yes,Fiber optic,Two year,Yes,Bank transfer (automatic),115.22,1401.13,No
CUST00053,Female,0,Yes,No,36,Yes,Fiber optic,Month-to-month,Yes,Credit card (automatic),77.72,2961.1,Yes
CUST00054,Female,0,Yes,Yes,32,Yes,Fiber optic,One year,Yes,Electronic check,81.34,2687.28,No
CUST00055,Female,0,Yes,No,11,Yes,No,Two year,Yes,Credit card (automatic),22.33,85.21,No
CUST00056,Female,1,Yes,Yes,58,Yes,Fiber optic,Two year,Yes,Electronic check,89.18,5090.02,No
CUST00057,Male,0,No,No,22,Yes,DSL,Two year,No,Credit card (automatic),71.01,1522.9,No
CUST00058,Female,0,No,No,63,Yes,DSL,Two year,No,Credit card (automatic),26.2,1717.65,No
CUST00059,Male,0,No,No,1,Yes,Fiber optic,Two year,Yes,Bank transfer (automatic),63.12,0.0,No
CUST00060,Male,1,No,No,17,No,DSL,Month-to-month,No,Credit card (automatic),42.42,711.61,No
CUST00061,Male,0,No,Yes,21,Yes,DSL,Month-to-month,Yes,Credit card (automatic),74.81,1633.49,Yes
CUST00062,Male,1,Yes,No,43,Yes,DSL,Two year,No,Electronic check,49.08,1883.71,No
CUST00063,Female,0,No,No,29,Yes,Fiber optic,Month-to-month,No,Electronic check,83.95,2494.29,No
CUST00064,Male,0,Yes,Yes,11,Yes,No,Month-to-month,No,Electronic check,19.16,280.12,No
CUST00065,Female,0,Yes,No,41,Yes,Fiber optic,Month-to-month,No,Mailed check,40.8,1605.07,Yes
CUST00066,Female,0,Yes,No,69,No,DSL,One year,Yes,Bank transfer (automatic),59.69,4026.35,No
CUST00067,Male,0,Yes,No,9,Yes,Fiber optic,Two year,Yes,Mailed check,87.51,718.61,No
CUST00068,Female,0,Yes,No,18,No,Fiber optic,Two year,Yes,Bank transfer (automatic),100.7,1598.83,No
CUST00069,Female,0,No,No,34,Yes,No,Month-to-month,Yes,Mailed check,28.36,938.14,No
CUST00070,Female,1,No,No,53,Yes,Fiber optic,Month-to-month,No,Electronic check,44.56,2379.25,Yes
CUST00071,Male,0,No,Yes,9,Yes,Fiber optic,Month-to-month,Yes,Electronic check,120.77,989.38,Yes
CUST00072,Female,0,No,No,16,No,No,Two year,Yes,Credit card (automatic),26.41,500.32,No
CUST00073,Female,0,No,No,17,Yes,Fiber optic,Month-to-month,Yes,Mailed check,74.29,1271.14,Yes
CUST00074,Female,0,Yes,Yes,44,Yes,DSL,One year,No,Electronic check,53.52,2375.68,No
CUST00075,Male,0,No,No,6,Yes,Fiber optic,One year,Yes,Electronic check,77.38,432.12,No
CUST00076,Female,1,No,Yes,48,Yes,Fiber optic,One year,Yes,Credit card (automatic),114.88,5573.68,No
CUST00077,Female,0,Yes,No,31,Yes,Fiber optic,One year,No,Electronic check,78.36,2532.4,No
CUST00078,Female,0,Yes,No,23,Yes,No,One year,Yes,Bank transfer (automatic),33.98,748.94,No
CUST00079,Male,0,No,No,62,Yes,DSL,One year,No,Electronic check,72.72,4569.52,No
CUST00080,Male,0,No,Yes,59,Yes,Fiber optic,Month-to-month,Yes,Electronic check,46.35,2796.41,Yes
CUST00081,Male,0,Yes,No,58,Yes,DSL,Month-to-month,Yes,Bank transfer (automatic),54.92,3218.79,No
CUST00082,Female,0,No,No,64,Yes,DSL,Month-to-month,No,Bank transfer (automatic),44.05,2953.36,No
CUST00083,Female,0,Yes,No,17,Yes,Fiber optic,Month-to-month,Yes,Bank transfer (automatic),77.44,1258.36,Yes
CUST00084,Male,1,Yes,No,62,No,Fiber optic,One year,Yes,Electronic check,102.6,6327.48,Yes
CUST00085,Male,1,Yes,No,12,Yes,Fiber optic,Month-to-month,Yes,Credit card (automatic),76.03,850.2,Yes
CUST00086,Male,1,Yes,No,24,Yes,DSL,Two year,No,Bank transfer (automatic),64.31,1601.44,No
CUST00087,Female,0,No,No,40,Yes,DSL,Month-to-month,No,Credit card (automatic),52.26,2068.6,No
CUST00088,Female,0,Yes,No,54,Yes,Fiber optic,One year,Yes,Electronic check,80.89,4312.4,No
CUST00089,Male,1,No,Yes,42,Yes,Fiber optic,Month-to-month,Yes,Mailed check,41.05,1857.15,No
CUST00090,Male,0,Yes,No,40,Yes,Fiber optic,Month-to-month,Yes,Electronic check,43.65,1890.76,Yes
CUST00091,Female,0,No,No,27,Yes,Fiber optic,Month-to-month,No,Bank transfer (automatic),94.5,2525.2,No
CUST00092,Male,0,No,No,43,Yes,No,One year,Yes,Bank transfer (automatic),21.55,817.26,No
CUST00093,Male,0,No,No,34,Yes,Fiber optic,Month-to-month,Yes,Mailed check,64.56,2344.12,Yes
CUST00094,Female,0,No,No,34,Yes,Fiber optic,Two year,Yes,Electronic check,67.77,2341.84,No
CUST00095,Male,1,No,Yes,42,Yes,Fiber optic,One year,No,Electronic check,90.15,3819.96,Yes
CUST00096,Female,0,No,No,43,Yes,Fiber optic,Two year,Yes,Electronic check,76.14,3282.42,No
CUST00097,Female,0,No,No,24,Yes,No,One year,Yes,Credit card (automatic),19.67,408.05,No
CUST00098,Male,0,No,No,9,No,Fiber optic,One year,No,Electronic check,54.32,455.82,No
CUST00099,Male,0,Yes,No,21,Yes,Fiber optic,Two year,Yes,Electronic check,67.12,1463.74,Yes
CUST00100,Female,0,Yes,No,29,Yes,Fiber optic,Month-to-month,Yes,Mailed check,79.56,2271.44,Yes
CUST00101,Male,0,Yes,No,11,No,Fiber optic,One year,Yes,Electronic check,71.11,816.85,No
CUST00102,Female,0,Yes,No,12,Yes,No,Month-to-month,Yes,Credit card (automatic),26.86,323.39,Yes
CUST00103,Male,0,Yes,No,69,No,No,One year,Yes,Electronic check,20.54,1332.71,No
CUST00104,Female,0,Yes,No,20,Yes,DSL,Month-to-month,Yes,Credit card (automatic),71.09,1551.49,No
CUST00105,Male,1,No,Yes,53,Yes,DSL,Month-to-month,Yes,Bank transfer (automatic),52.49,2829.49,No
CUST00106,Male,0,Yes,No,9,Yes,Fiber optic,One year,Yes,Bank transfer (automatic),99.68,923.57,Yes
CUST00107,Male,0,No,No,70,Yes,Fiber optic,Month-to-month,No,Mailed check,59.94,4240.2,Yes
CUST00108,Male,0,Yes,No,15,No,No,Month-to-month,Yes,Bank transfer (automatic),25.76,242.97,Yes
CUST00109,Female,0,No,No,28,Yes,DSL,Month-to-month,No,Bank transfer (automatic),20.49,534.27,Yes
CUST00110,Male,0,Yes,No,57,Yes,No,Two year,Yes,Electronic check,25.9,1354.12,No
CUST00111,Female,0,Yes,No,14,Yes,Fiber optic,Month-to-month,Yes,Credit card (automatic),44.51,633.11,No
CUST00112,Male,0,Yes,No,40,Yes,DSL,Month-to-month,Yes,Mailed check,47.52,1926.87,Yes
CUST00113,Male,0,No,No,57,Yes,DSL,Two year,Yes,Mailed check,125.0,7136.31,No
CUST00114,Female,0,Yes,Yes,1,Yes,Fiber optic,Two year,No,Mailed check,78.24,172.53,No
CUST00115,Male,0,No,No,1,Yes,DSL,Month-to-month,Yes,Bank transfer (automatic),102.65,0.0,Yes
CUST00116,Male,0,Yes,No,57,Yes,Fiber optic,Month-to-month,No,Mailed check,93.38,5258.72,No
CUST00117,Female,0,No,No,19,No,Fiber optic,Month-to-month,No,Mailed check,96.58,1868.17,No
CUST00118,Female,0,Yes,Yes,66,Yes,Fiber optic,Two year,Yes,Electronic check,67.02,4444.43,No
CUST00119,Female,0,No,No,67,Yes,DSL,Month-to-month,No,Mailed check,112.16,7409.49,Yes
CUST00120,Female,0,Yes,No,64,Yes,No,Month-to-month,Yes,Electronic check,25.65,1737.32,No
CUST00121,Female,0,Yes,No,72,Yes,Fiber optic,Month-to-month,Yes,Credit card (automatic),73.03,5381.62,Yes
CUST00122,Male,1,Yes,Yes,60,Yes,Fiber optic,One year,Yes,Electronic check,78.58,4748.85,No
CUST00123,Male,0,Yes,No,27,Yes,Fiber optic,Month-to-month,No,Credit card (automatic),68.58,1730.93,No
CUST00124,Female,0,Yes,No,72,Yes,Fiber optic,Two year,No,Bank transfer (automatic),73.31,5291.1,No
CUST00125,Male,1,No,Yes,25,Yes,No,Month-to-month,No,Bank transfer (automatic),26.04,678.23,Yes
CUST00126,Male,0,Yes,Yes,42,Yes,Fiber optic,One year,No,Credit card (automatic),81.54,3402.93,No
CUST00127,Female,0,Yes,Yes,0,Yes,Fiber optic,Two year,Yes,Electronic check,115.5,107.78,No
CUST00128,Male,1,No,No,70,No,DSL,Month-to-month,No,Bank transfer (automatic),41.87,2921.62,No
CUST00129,Male,0,Yes,Yes,43,Yes,DSL,Month-to-month,No,Electronic check,100.56,4492.44,No
CUST00130,Male,0,Yes,No,69,Yes,Fiber optic,Month-to-month,No,Electronic check,62.79,4395.16,Yes
CUST00131,Male,0,No,No,25,Yes,DSL,One year,Yes,Mailed check,103.74,2615.59,No
CUST00132,Male,0,No,No,22,Yes,Fiber optic,Month-to-month,No,Bank transfer (automatic),63.66,1474.15,Yes
CUST00133,Female,0,No,No,38,Yes,No,Two year,Yes,Credit card (automatic),29.21,1232.45,No
CUST00134,Male,1,Yes,No,63,Yes,Fiber optic,Month-to-month,No,Electronic check,68.03,4357.81,No
CUST00135,Male,1,No,Yes,40,Yes,DSL,One year,No,Bank transfer (automatic),28.74,1143.53,No
CUST00136,Female,0,Yes,No,57,Yes,Fiber optic,One year,No,Electronic check,115.47,6529.0,No
CUST00137,Male,0,No,Yes,15,Yes,DSL,Month-to-month,Yes,Electronic check,48.43,636.68,Yes
CUST00138,Female,0,No,Yes,56,Yes,Fiber optic,Month-to-month,Yes,Electronic check,74.1,3954.34,No
CUST00139,Female,1,No,No,53,Yes,Fiber optic,One year,No,Bank transfer (automatic),45.69,2435.51,No
CUST00140,Female,0,Yes,Yes,65,Yes,Fiber optic,Month-to-month,No,Mailed check,38.57,2476.04,No
CUST00141,Male,1,Yes,Yes,4,Yes,Fiber optic,One year,No,Electronic check,66.88,240.79,Yes
CUST00142,Female,0,No,No,28,Yes,Fiber optic,Two year,No,Electronic check,57.16,1682.79,No
CUST00143,Female,0,No,No,6,Yes,DSL,Month-to-month,Yes,Bank transfer (automatic),42.78,247.71,Yes
CUST00144,Female,0,No,Yes,29,Yes,DSL,Month-to-month,No,Credit card (automatic),71.11,2213.8,Yes
CUST00145,Male,0,No,No,55,Yes,Fiber optic,Month-to-month,Yes,Electronic check,34.95,1876.4,Yes
CUST00146,Male,0,No,No,46,No,No,Month-to-month,Yes,Bank transfer (automatic),23.49,1002.86,Yes
CUST00147,Female,0,Yes,No,54,Yes,DSL,Two year,Yes,Bank transfer (automatic),68.82,3615.67,No
CUST00148,Female,1,Yes,Yes,53,Yes,DSL,Two year,Yes,Mailed check,18.0,1011.82,No
CUST00149,Male,0,Yes,No,72,Yes,DSL,Month-to-month,Yes,Electronic check,58.92,4334.36,No
CUST00150,Female,0,Yes,No,64,Yes,Fiber optic,Two year,No,Credit card (automatic),83.71,5309.89,Yes
CUST00151,Male,0,Yes,Yes,42,Yes,DSL,Month-to-month,Yes,Mailed check,45.41,1822.1,Yes
CUST00152,Female,0,No,Yes,63,Yes,Fiber optic,Two year,No,Mailed check,84.79,5464.19,No
CUST00153,Male,1,No,Yes,3,Yes,DSL,Two year,Yes,Credit card (automatic),82.82,132.43,Yes
CUST00154,Female,0,No,No,52,Yes,Fiber optic,Month-to-month,No,Credit card (automatic),46.56,2501.94,No
CUST00155,Female,0,Yes,Yes,38,Yes,DSL,One year,Yes,Bank transfer (automatic),71.69,2678.54,No
CUST00156,Male,0,No,No,69,Yes,Fiber optic,Two year,No,Credit card (automatic),92.62,6422.55,Yes
CUST00157,Female,1,No,No,36,Yes,DSL,Month-to-month,Yes,Electronic check,50.09,1889.39,Yes
CUST00158,Male,0,No,Yes,13,Yes,Fiber optic,Month-to-month,Yes,Credit card (automatic),66.85,907.15,Yes
CUST00159,Male,1,No,No,52,Yes,No,One year,Yes,Electronic check,27.5,1406.38,No
CUST00160,Male,0,No,Yes,69,Yes,DSL,Month-to-month,Yes,Credit card (automatic),50.56,3600.33,No
CUST00161,Male,0,No,Yes,1,Yes,No,Month-to-month,Yes,Mailed check,26.21,49.34,No
CUST00162,Male,1,Yes,No,4,Yes,DSL,Month-to-month,Yes,Electronic check,45.02,474.68,Yes
CUST00163,Female,1,No,No,48,Yes,Fiber optic,One year,Yes,Mailed check,67.98,3126.63,No
CUST00164,Female,1,Yes,No,40,Yes,Fiber optic,Month-to-month,No,Bank transfer (automatic),83.17,3189.21,Yes
CUST00165,Female,0,Yes,No,40,Yes,DSL,Month-to-month,Yes,Bank transfer (automatic),18.0,799.54,No
CUST00166,Male,0,Yes,Yes,6,No,Fiber optic,Month-to-month,Yes,Credit card (automatic),58.64,349.3,Yes
CUST00167,Female,0,No,No,41,No,DSL,Month-to-month,Yes,,82.73,3455.34,No
CUST00168,Female,0,No,Yes,41,Yes,Fiber optic,One year,Yes,Electronic check,77.65,3095.78,No
CUST00169,Female,1,No,No,61,Yes,Fiber optic,Month-to-month,Yes,Bank transfer (automatic),58.94,3599.67,No
CUST00170,Female,1,Yes,No,28,Yes,No,One year,No,Mailed check,22.74,673.31,No
CUST00171,Female,0,Yes,No,25,Yes,DSL,Month-to-month,Yes,Bank transfer (automatic),87.71,2149.25,Yes
CUST00172,Female,0,No,No,5,Yes,No,One year,Yes,Credit card (automatic),34.17,189.4,Yes
CUST00173,Male,0,Yes,No,41,Yes,DSL,Month-to-month,Yes,Bank transfer (automatic),85.63,3401.91,No
CUST00174,Male,0,No,No,47,Yes,Fiber optic,Two year,Yes,Mailed check,81.51,3862.56,No
CUST00175,Male,0,Yes,Yes,20,Yes,DSL,Month-to-month,No,Bank transfer (automatic),60.81,1331.84,Yes
CUST00176,Female,0,No,Yes,53,Yes,DSL,Two year,Yes,Credit card (automatic),98.81,5137.92,No
CUST00177,Male,0,No,Yes,68,Yes,DSL,Month-to-month,No,Bank transfer (automatic),57.14,3781.68,Yes
CUST00178,Female,0,No,No,12,Yes,Fiber optic,Month-to-month,Yes,Credit card (automatic),101.76,1316.31,No
CUST00179,Male,0,Yes,No,41,Yes,DSL,One year,No,Electronic check,105.03,4200.98,No
CUST00180,Male,0,No,Yes,50,Yes,Fiber optic,Month-to-month,Yes,Bank transfer (automatic),98.25,4979.75,No
CUST00181,Male,1,No,No,1,Yes,No,Month-to-month,No,Electronic check,34.3,38.73,Yes
CUST00182,Female,0,No,No,13,Yes,DSL,Two year,Yes,Bank transfer (automatic),125.0,1591.57,No
CUST00183,Female,0,No,Yes,28,Yes,DSL,Two year,Yes,Credit card (automatic),75.8,2239.72,No
CUST00184,Male,0,Yes,No,10,Yes,DSL,One year,No,Credit card (automatic),78.03,854.55,Yes
CUST00185,Female,0,No,No,25,Yes,DSL,Two year,No,Electronic check,71.45,1808.63,No
CUST00186,Female,1,Yes,No,10,Yes,Fiber optic,Month-to-month,Yes,Credit card (automatic),43.76,265.39,Yes
CUST00187,Female,0,Yes,No,65,Yes,Fiber optic,Month-to-month,Yes,Electronic check,104.38,6841.68,Yes
CUST00188,Female,0,No,No,43,Yes,DSL,Two year,Yes,Mailed check,57.69,2395.0,No
CUST00189,Female,1,No,No,24,Yes,DSL,Month-to-month,No,Bank transfer (automatic),94.99,2262.05,Yes
CUST00190,Female,1,Yes,No,56,Yes,Fiber optic,Month-to-month,Yes,Mailed check,100.99,5656.03,Yes
CUST00191,Male,0,Yes,No,1,No,DSL,Month-to-month,Yes,Electronic check,87.08,238.86,Yes
CUST00192,Male,0,Yes,No,43,Yes,Fiber optic,Month-to-month,Yes,Bank transfer (automatic),54.7,2331.84,Yes
CUST00193,Male,0,Yes,No,49,Yes,No,Month-to-month,No,Bank transfer (automatic),24.34,1078.84,No
CUST00194,Female,0,No,No,59,Yes,DSL,Month-to-month,Yes,Bank transfer (automatic),18.0,1179.57,No
CUST00195,Male,0,Yes,Yes,16,Yes,Fiber optic,One year,Yes,Bank transfer (automatic),69.09,1163.5,No
CUST00196,Female,0,No,Yes,43,No,Fiber optic,One year,No,Bank transfer (automatic),92.07,4020.05,No
CUST00197,Female,1,Yes,No,56,Yes,Fiber optic,Two year,Yes,Mailed check,66.06,3818.43,No
CUST00198,Female,0,Yes,No,58,Yes,Fiber optic,Month-to-month,No,Electronic check,57.25,3458.36,Yes
CUST00199,Female,0,No,No,12,Yes,Fiber optic,Month-to-month,No,Bank transfer (automatic),64.56,703.38,Yes
CUST00200,Male,0,Yes,No,71,Yes,Fiber optic,One year,Yes,Bank transfer (automatic),102.38,7157.7,No
CUST00201,Female,0,Yes,Yes,19,Yes,Fiber optic,Month-to-month,No,Electronic check,70.64,1409.56,Yes
CUST00202,Male,0,No,Yes,28,Yes,Fiber optic,Month-to-month,No,Electronic check,118.45,3295.6,No
CUST00203,Female,1,No,No,14,Yes,Fiber optic,One year,Yes,Credit card (automatic),57.73,794.48,No
CUST00204,Male,1,No,Yes,10,Yes,Fiber optic,One year,Yes,Credit card (automatic),77.43,684.57,No
CUST00205,Female,0,Yes,No,18,Yes,Fiber optic,Month-to-month,No,Bank transfer (automatic),61.16,1147.59,No
CUST00206,Female,0,No,No,9,Yes,Fiber optic,One year,Yes,Credit card (automatic),123.86,1146.91,No
CUST00207,Male,0,No,No,53,Yes,DSL,One year,Yes,Credit card (automatic),76.49,4041.53,No
CUST00208,Male,0,No,No,43,Yes,DSL,Two year,Yes,Bank transfer (automatic),125.0,5263.93,No
CUST00209,Female,1,Yes,No,28,Yes,Fiber optic,Month-to-month,No,Electronic check,61.5,1818.73,Yes
CUST00210,Male,0,Yes,No,39,Yes,DSL,One year,No,Bank transfer (automatic),110.19,4317.87,Yes
CUST00211,Female,0,Yes,Yes,44,Yes,Fiber optic,One year,No,Credit card (automatic),74.95,3387.23,No
CUST00212,Male,0,Yes,No,13,Yes,DSL,Month-to-month,Yes,Bank transfer (automatic),92.92,1039.72,Yes
CUST00213,Male,0,No,No,21,Yes,Fiber optic,One year,No,Electronic check,41.51,876.26,No
CUST00214,Female,0,Yes,Yes,64,Yes,Fiber optic,One year,Yes,Credit card (automatic),80.71,5108.09,No
CUST00215,Male,0,Yes,No,0,Yes,DSL,Month-to-month,No,Bank transfer (automatic),45.27,2.89,Yes
CUST00216,Female,0,Yes,No,69,Yes,DSL,Month-to-month,No,Mailed check,78.43,5487.13,Yes
CUST00217,Female,0,No,Yes,70,Yes,Fiber optic,Month-to-month,Yes,Credit card (automatic),34.04,2412.4,Yes
CUST00218,Female,0,Yes,No,18,Yes,Fiber optic,One year,Yes,Bank transfer (automatic),69.65,1255.15,No
CUST00219,Female,0,Yes,No,23,Yes,Fiber optic,Month-to-month,Yes,Credit card (automatic),99.39,2286.99,No
CUST00220,Male,0,Yes,No,15,Yes,DSL,Month-to-month,Yes,Credit card (automatic),85.69,1160.57,Yes
CUST00221,Female,1,No,No,40,Yes,DSL,Month-to-month,No,Electronic check,41.15,1573.47,Yes
CUST00222,Female,0,Yes,No,15,Yes,DSL,One year,Yes,Credit card (automatic),24.54,457.8,No
CUST00223,Male,0,No,No,57,Yes,DSL,One year,No,Mailed check,84.42,4771.5,No
CUST00224,Female,0,Yes,No,28,Yes,No,Month-to-month,Yes,Credit card (automatic),18.0,595.23,Yes
CUST00225,Male,0,Yes,Yes,70,Yes,DSL,Month-to-month,Yes,Credit card (automatic),47.9,3419.11,Yes
CUST00226,Female,0,Yes,Yes,62,Yes,DSL,Month-to-month,No,Credit card (automatic),124.44,7785.62,No
CUST00227,Male,0,Yes,No,29,Yes,No,Month-to-month,Yes,Credit card (automatic),27.93,836.6,Yes
CUST00228,Male,1,Yes,No,43,Yes,Fiber optic,One year,No,Credit card (automatic),23.03,955.41,Yes
CUST00229,Male,0,No,Yes,1,Yes,Fiber optic,Month-to-month,No,Electronic check,32.98,20.89,Yes
CUST00230,Female,0,No,No,4,Yes,Fiber optic,One year,Yes,Mailed check,91.25,416.23,No
CUST00231,Female,0,Yes,No,36,Yes,No,One year,Yes,Electronic check,26.9,798.35,No
CUST00232,Male,0,Yes,No,34,Yes,DSL,Two year,Yes,Credit card (automatic),109.06,3807.54,No
CUST00233,Female,0,No,No,29,Yes,DSL,Month-to-month,No,,42.05,1179.44,No
CUST00234,Male,0,Yes,No,6,Yes,No,Month-to-month,Yes,Bank transfer (automatic),20.78,117.78,No
CUST00235,Female,0,Yes,No,61,Yes,Fiber optic,Month-to-month,No,Electronic check,72.17,4396.16,No
CUST00236,Male,0,Yes,No,29,Yes,No,Two year,No,Bank transfer (automatic),23.36,674.25,No
CUST00237,Male,1,Yes,Yes,34,Yes,DSL,One year,Yes,Mailed check,62.43,2017.53,No
CUST00238,Female,0,Yes,No,29,Yes,No,One year,No,Credit card (automatic),22.12,653.62,Yes
CUST00239,Female,1,No,Yes,36,Yes,Fiber optic,One year,Yes,Credit card (automatic),76.37,2796.87,No
CUST00240,Male,0,No,No,47,Yes,Fiber optic,Month-to-month,Yes,Bank transfer (automatic),79.56,3575.76,No
CUST00241,Female,0,No,Yes,55,Yes,No,One year,Yes,Credit card (automatic),28.89,1484.89,No
CUST00242,Male,0,Yes,No,40,Yes,DSL,Two year,No,Electronic check,102.15,4157.67,No
CUST00243,Female,0,Yes,No,12,Yes,DSL,Month-to-month,Yes,Electronic check,41.97,560.42,No
CUST00244,Male,0,Yes,Yes,63,Yes,Fiber optic,Two year,No,Bank transfer (automatic),26.71,1706.63,No
CUST00245,Male,0,Yes,No,20,Yes,No,Two year,Yes,Bank transfer (automatic),22.71,399.63,Yes
CUST00246,Female,0,Yes,Yes,1,Yes,DSL,Two year,No,Electronic check,48.41,105.66,No
CUST00247,Male,1,Yes,No,2,Yes,No,Two year,No,Electronic check,23.3,0.0,Yes
CUST00248,Female,0,Yes,No,56,Yes,Fiber optic,Month-to-month,No,Bank transfer (automatic),56.7,3164.21,No
CUST00249,Male,0,Yes,No,28,Yes,Fiber optic,One year,Yes,Electronic check,56.16,1467.96,No
CUST00250,Female,0,Yes,No,1,No,DSL,Month-to-month,Yes,Mailed check,35.54,22.58,No
CUST00251,Female,0,No,No,59,Yes,No,One year,Yes,Mailed check,18.0,979.57,No
CUST00252,Female,1,Yes,No,22,No,DSL,Month-to-month,Yes,Credit card (automatic),88.23,2001.52,No
CUST00253,Female,0,No,No,71,No,Fiber optic,Two year,No,Electronic check,71.9,5139.55,No
CUST00254,Female,0,Yes,No,64,Yes,DSL,Month-to-month,Yes,Electronic check,84.61,5369.39,No
CUST00255,Male,0,No,No,3,Yes,No,Month-to-month,Yes,Electronic check,28.51,172.75,Yes
CUST00256,Female,0,Yes,Yes,50,Yes,Fiber optic,Month-to-month,No,Electronic check,94.57,4651.99,Yes
CUST00257,Male,0,No,No,44,Yes,DSL,One year,Yes,Bank transfer (automatic),59.29,2605.94,No
CUST00258,Female,0,Yes,Yes,12,Yes,DSL,Month-to-month,No,Mailed check,19.29,182.29,No
CUST00259,Female,0,Yes,No,25,Yes,Fiber optic,Month-to-month,Yes,Electronic check,79.92,2057.39,Yes
CUST00260,Male,0,No,No,35,No,Fiber optic,Month-to-month,Yes,Credit card (automatic),91.18,3242.78,No
CUST00261,Male,0,Yes,No,10,Yes,Fiber optic,Month-to-month,No,Credit card (automatic),58.02,684.36,Yes
CUST00262,Female,0,Yes,Yes,52,No,Fiber optic,Two year,Yes,Electronic check,101.98,5309.6,Yes
CUST00263,Female,0,No,Yes,20,Yes,Fiber optic,Month-to-month,No,Electronic check,50.73,777.83,Yes
CUST00264,Male,0,Yes,No,68,Yes,Fiber optic,Month-to-month,Yes,Credit card (automatic),88.77,6001.89,Yes
CUST00265,Male,1,No,Yes,58,Yes,Fiber optic,Month-to-month,Yes,Bank transfer (automatic),115.62,6831.18,Yes
CUST00266,Male,0,No,No,46,Yes,DSL,Month-to-month,Yes,Credit card (automatic),72.92,3328.32,No
CUST00267,Female,0,Yes,No,8,Yes,DSL,Month-to-month,Yes,Electronic check,66.34,377.32,Yes
CUST00268,Female,1,Yes,No,1,Yes,DSL,Month-to-month,Yes,Credit card (automatic),69.36,105.31,No
CUST00269,Male,0,Yes,Yes,10,Yes,Fiber optic,Month-to-month,Yes,Electronic check,112.71,1169.02,Yes
CUST00270,Male,0,No,No,36,Yes,,Month-to-month,Yes,Electronic check,82.07,2896.34,No
CUST00271,Female,0,Yes,No,57,Yes,Fiber optic,Month-to-month,No,Bank transfer (automatic),125.0,7105.26,No
CUST00272,Female,0,Yes,No,11,Yes,DSL,One year,Yes,Bank transfer (automatic),78.98,801.0,Yes
CUST00273,Female,1,Yes,Yes,51,Yes,Fiber optic,Month-to-month,No,Electronic check,55.66,2880.47,Yes
CUST00274,Male,0,No,Yes,3,Yes,DSL,One year,Yes,Electronic check,57.41,176.76,No
CUST00275,Female,0,No,No,19,Yes,Fiber optic,One year,No,Credit card (automatic),73.54,1304.0,No
CUST00276,Female,0,No,No,43,Yes,DSL,Two year,Yes,Electronic check,20.97,900.95,Yes
CUST00277,Female,0,No,No,60,Yes,DSL,Month-to-month,Yes,Electronic check,60.13,3549.16,No
CUST00278,Male,0,No,Yes,56,Yes,DSL,Two year,Yes,Electronic check,60.68,3514.96,No
CUST00279,Female,0,No,No,38,Yes,Fiber optic,Two year,Yes,Electronic check,77.99,3035.12,Yes
CUST00280,Female,0,No,Yes,2,No,Fiber optic,Two year,Yes,Credit card (automatic),120.55,231.32,Yes
CUST00281,Female,0,No,Yes,21,Yes,DSL,Two year,Yes,Electronic check,73.37,1547.26,No
CUST00282,Female,0,Yes,No,57,Yes,Fiber optic,Month-to-month,No,Bank transfer (automatic),23.93,1445.11,Yes
CUST00283,Male,0,No,No,5,Yes,Fiber optic,Two year,Yes,Bank transfer (automatic),49.15,231.86,No
CUST00284,Female,0,No,Yes,51,No,Fiber optic,Two year,No,Electronic check,78.56,4067.23,Yes
CUST00285,Female,0,Yes,No,51,Yes,Fiber optic,Month-to-month,Yes,Bank transfer (automatic),74.32,3908.51,Yes
CUST00286,Male,0,Yes,Yes,54,Yes,DSL,Month-to-month,Yes,Electronic check,112.61,6041.67,Yes
CUST00287,Female,0,Yes,Yes,15,Yes,Fiber optic,Two year,Yes,Credit card (automatic),96.0,1571.69,No
CUST00288,Male,0,No,No,17,Yes,Fiber optic,Month-to-month,Yes,Credit card (automatic),95.25,1727.66,No
CUST00289,Male,0,Yes,No,14,Yes,Fiber optic,One year,No,Credit card (automatic),66.57,951.86,No
CUST00290,Female,0,No,No,28,Yes,DSL,Month-to-month,Yes,Mailed check,99.48,2749.93,Yes
CUST00291,Male,0,Yes,No,38,Yes,Fiber optic,One year,No,Credit card (automatic),49.6,1903.69,Yes
CUST00292,Female,0,No,Yes,8,Yes,DSL,Month-to-month,Yes,Bank transfer (automatic),96.21,750.12,Yes
CUST00293,Male,0,Yes,No,41,Yes,Fiber optic,One year,Yes,Mailed check,64.94,2599.12,No
CUST00294,Female,0,No,No,17,Yes,DSL,Month-to-month,Yes,Electronic check,35.8,651.18,Yes
CUST00295,Male,0,No,Yes,41,Yes,DSL,Two year,No,Electronic check,86.83,3478.15,No
CUST00296,Male,0,Yes,No,22,Yes,Fiber optic,Month-to-month,Yes,Electronic check,106.94,2325.6,Yes
CUST00297,Male,0,Yes,Yes,69,Yes,No,Month-to-month,No,Electronic check,34.84,2377.93,No
CUST00298,Female,0,Yes,No,23,Yes,DSL,Month-to-month,Yes,Credit card (automatic),111.07,2445.39,No
CUST00299,Female,0,Yes,No,63,Yes,Fiber optic,Month-to-month,Yes,Credit card (automatic),30.6,1980.48,No
CUST00300,Female,0,No,Yes,12,No,Fiber optic,Two year,No,Electronic check,42.08,486.69,No
CUST00301,Female,0,No,No,6,Yes,No,Month-to-month,Yes,Credit card (automatic),18.0,211.91,Yes
CUST00302,Male,0,No,Yes,13,Yes,Fiber optic,Month-to-month,No,Bank transfer (automatic),62.73,795.92,Yes
CUST00303,Female,0,No,No,30,Yes,DSL,Two year,Yes,Mailed check,55.32,1627.07,No
CUST00304,Male,0,Yes,Yes,65,Yes,DSL,Month-to-month,No,Credit card (automatic),75.34,4824.73,Yes
CUST00305,Male,0,No,Yes,12,Yes,Fiber optic,Month-to-month,Yes,Bank transfer (automatic),58.79,708.6,No
CUST00306,Female,0,No,No,57,Yes,DSL,One year,No,Bank transfer (automatic),63.03,3596.28,No
CUST00307,Female,1,Yes,No,50,Yes,No,Month-to-month,Yes,Electronic check,29.29,1523.84,No
CUST00308,Male,0,No,Yes,25,Yes,No,Two year,No,Electronic check,18.0,455.36,No
CUST00309,Female,0,Yes,No,24,Yes,No,One year,Yes,Credit card (automatic),31.59,925.67,Yes
CUST00310,Female,1,No,Yes,69,Yes,DSL,Month-to-month,No,Electronic check,55.86,3890.84,No
CUST00311,Male,1,No,No,52,Yes,Fiber optic,One year,No,Electronic check,41.86,2097.77,No
CUST00312,Male,0,No,No,17,Yes,Fiber optic,Two year,No,Electronic check,91.09,1462.81,No
CUST00313,Female,1,Yes,Yes,66,Yes,DSL,Month-to-month,Yes,Mailed check,114.69,7612.32,Yes
CUST00314,Female,1,No,No,29,No,DSL,One year,Yes,Mailed check,98.61,2778.22,No
CUST00315,Female,0,Yes,No,5,Yes,DSL,Month-to-month,No,Credit card (automatic),80.29,449.04,Yes
CUST00316,Male,0,No,No,59,Yes,Fiber optic,Month-to-month,Yes,Mailed check,55.96,3373.29,No
CUST00317,Male,0,Yes,No,63,Yes,No,One year,No,Credit card (automatic),31.17,2037.29,No
CUST00318,Male,0,No,No,32,Yes,No,Month-to-month,Yes,Bank transfer (automatic),28.95,856.87,Yes
CUST00319,Male,0,No,No,51,No,DSL,Month-to-month,Yes,Bank transfer (automatic),18.0,991.72,No
CUST00320,Male,0,Yes,No,17,Yes,Fiber optic,Month-to-month,Yes,Electronic check,62.92,1095.45,Yes
CUST00321,Female,0,Yes,No,62,Yes,DSL,One year,No,Electronic check,90.35,5553.07,No
CUST00322,Female,0,No,No,26,Yes,DSL,One year,Yes,Credit card (automatic),43.54,1119.29,No
CUST00323,Male,0,Yes,No,19,Yes,DSL,Month-to-month,Yes,Credit card (automatic),82.58,1606.72,No
CUST00324,Male,0,Yes,No,36,Yes,,Month-to-month,No,Mailed check,81.42,2877.29,Yes
CUST00325,Male,0,Yes,No,19,Yes,Fiber optic,Two year,Yes,Credit card (automatic),35.64,701.31,Yes
CUST00326,Female,0,Yes,No,45,Yes,Fiber optic,Month-to-month,No,Credit card (automatic),74.17,3453.3,Yes
CUST00327,Female,0,No,No,54,Yes,No,Month-to-month,Yes,Electronic check,32.08,1809.44,No
CUST00328,Female,1,No,No,29,Yes,DSL,Month-to-month,Yes,Bank transfer (automatic),82.4,2396.16,No
CUST00329,Female,1,Yes,No,57,Yes,Fiber optic,One year,Yes,Credit card (automatic),88.74,5076.91,Yes
CUST00330,Male,1,Yes,No,31,Yes,DSL,Month-to-month,Yes,Credit card (automatic),81.97,2498.02,Yes
CUST00331,Male,1,Yes,No,70,Yes,Fiber optic,Two year,No,Electronic check,73.81,5125.91,No
CUST00332,Female,0,Yes,No,19,Yes,Fiber optic,One year,Yes,Electronic check,79.22,1382.2,No
CUST00333,Female,0,No,No,51,Yes,DSL,Month-to-month,Yes,Mailed check,42.6,2192.69,No
CUST00334,Male,0,Yes,Yes,39,Yes,DSL,One year,Yes,Electronic check,71.23,2832.57,No
CUST00335,Female,0,No,No,68,Yes,DSL,Month-to-month,No,Electronic check,52.09,3536.45,Yes
CUST00336,Male,1,No,Yes,16,No,DSL,Month-to-month,No,Bank transfer (automatic),97.79,1494.45,Yes
CUST00337,Male,0,No,Yes,14,Yes,No,One year,Yes,Bank transfer (automatic),31.17,441.67,Yes
CUST00338,Female,0,No,No,63,No,DSL,Month-to-month,Yes,Electronic check,89.01,5714.97,No
CUST00339,Female,0,Yes,No,65,Yes,Fiber optic,Two year,Yes,Bank transfer (automatic),114.84,7536.44,No
CUST00340,Male,0,Yes,No,54,Yes,No,One year,No,Electronic check,22.31,1202.38,No
CUST00341,Male,0,Yes,Yes,34,Yes,Fiber optic,Month-to-month,Yes,Mailed check,58.27,2144.97,No
CUST00342,Female,0,No,No,29,No,Fiber optic,Two year,Yes,Credit card (automatic),63.16,2047.54,No
CUST00343,Male,1,No,No,48,Yes,No,Month-to-month,No,Credit card (automatic),18.0,825.59,Yes
CUST00344,Male,0,Yes,No,54,No,DSL,Month-to-month,Yes,Electronic check,33.91,1811.47,Yes
CUST00345,Male,0,Yes,No,20,Yes,DSL,Month-to-month,No,Credit card (automatic),87.53,1806.07,No
CUST00346,Female,0,Yes,No,0,Yes,Fiber optic,Two year,Yes,Credit card (automatic),37.12,0.0,No
CUST00347,Male,0,No,Yes,5,Yes,Fiber optic,Month-to-month,No,Bank transfer (automatic),45.13,,Yes
CUST00348,Male,0,No,Yes,25,Yes,Fiber optic,Month-to-month,Yes,Credit card (automatic),69.46,1744.62,Yes
CUST00349,Female,0,No,Yes,49,Yes,DSL,Month-to-month,Yes,Electronic check,61.69,3052.54,Yes
CUST00350,Female,0,No,No,32,Yes,Fiber optic,Month-to-month,Yes,Electronic check,94.14,2966.44,Yes
CUST00351,Male,1,Yes,Yes,45,Yes,Fiber optic,Month-to-month,Yes,Credit card (automatic),73.51,3244.93,Yes
CUST00352,Female,0,No,Yes,34,Yes,No,One year,No,Mailed check,21.06,557.2,No
CUST00353,Female,0,No,Yes,18,Yes,DSL,Two year,Yes,Mailed check,96.29,1852.0,No
CUST00354,Female,0,Yes,Yes,54,Yes,DSL,One year,Yes,Electronic check,90.22,4947.2,No
CUST00355,Male,0,No,No,52,Yes,No,Month-to-month,No,Electronic check,38.04,2031.95,Yes
CUST00356,Male,0,Yes,Yes,70,Yes,Fiber optic,Month-to-month,Yes,Electronic check,78.31,5509.57,Yes
CUST00357,Female,1,No,No,60,Yes,DSL,Month-to-month,No,Electronic check,54.12,3062.86,Yes
CUST00358,Male,0,No,Yes,27,Yes,DSL,Month-to-month,No,Credit card (automatic),53.46,1383.33,No
CUST00359,Female,0,No,Yes,51,Yes,Fiber optic,One year,Yes,Electronic check,118.74,6035.25,No
CUST00360,Male,0,No,Yes,25,Yes,Fiber optic,Month-to-month,No,Credit card (automatic),75.11,1791.24,No
CUST00361,Male,0,Yes,No,63,Yes,Fiber optic,Two year,No,Electronic check,66.56,4057.8,No
CUST00362,Male,0,No,Yes,44,Yes,No,Month-to-month,No,Electronic check,18.0,713.81,Yes
CUST00363,Female,0,No,No,60,Yes,DSL,One year,Yes,Credit card (automatic),93.86,5635.53,No
CUST00364,Male,0,No,Yes,20,Yes,DSL,Two year,Yes,Electronic check,54.46,1093.15,No
CUST00365,Female,0,No,No,1,Yes,Fiber optic,One year,No,Electronic check,58.73,131.33,No
CUST00366,Male,0,Yes,Yes,10,Yes,No,Two year,Yes,Credit card (automatic),25.93,424.35,No
CUST00367,Female,0,No,No,38,Yes,DSL,Two year,Yes,Electronic check,34.09,1350.28,No
CUST00368,Female,0,No,No,70,Yes,Fiber optic,One year,Yes,Electronic check,96.77,6759.86,Yes
CUST00369,Female,1,Yes,Yes,45,Yes,DSL,Month-to-month,No,Credit card (automatic),31.87,1578.18,No
CUST00370,Male,0,No,Yes,59,No,DSL,Month-to-month,No,Mailed check,65.86,3759.19,Yes
CUST00371,Female,0,No,No,34,Yes,No,Two year,No,Bank transfer (automatic),25.84,712.25,No
CUST00372,Male,0,No,Yes,69,Yes,DSL,Month-to-month,No,Electronic check,45.59,3074.77,Yes
CUST00373,Female,0,No,Yes,68,Yes,DSL,Two year,Yes,Electronic check,104.44,7166.89,No
CUST00374,Female,0,Yes,No,15,Yes,Fiber optic,Month-to-month,No,Mailed check,98.11,1485.13,Yes
CUST00375,Male,0,No,Yes,62,Yes,Fiber optic,One year,Yes,Bank transfer (automatic),100.78,6158.09,No
CUST00376,Female,0,Yes,No,1,Yes,Fiber optic,Month-to-month,Yes,Electronic check,35.78,0.0,Yes
CUST00377,Male,0,No,No,43,Yes,Fiber optic,Two year,Yes,Credit card (automatic),45.72,1866.64,No
CUST00378,Male,0,Yes,No,31,Yes,DSL,Month-to-month,No,Credit card (automatic),80.5,2396.18,Yes
CUST00379,Female,0,No,Yes,21,Yes,Fiber optic,Month-to-month,Yes,Bank transfer (automatic),89.88,2011.56,No
CUST00380,Female,0,No,No,68,Yes,DSL,Two year,Yes,Mailed check,52.01,3525.21,No
CUST00381,Female,0,No,No,48,Yes,DSL,Month-to-month,Yes,Bank transfer (automatic),57.53,2903.01,No
CUST00382,Male,1,No,Yes,10,Yes,Fiber optic,Month-to-month,Yes,Bank transfer (automatic),43.72,366.0,Yes
CUST00383,Male,0,Yes,No,10,Yes,DSL,Two year,Yes,Electronic check,113.46,1173.89,No
CUST00384,Female,0,No,No,8,Yes,No,Two year,Yes,Credit card (automatic),25.85,224.97,No
CUST00385,Female,1,No,No,22,Yes,No,Month-to-month,Yes,Mailed check,33.52,807.81,Yes
CUST00386,Female,0,Yes,Yes,5,Yes,No,One year,Yes,Credit card (automatic),29.58,168.26,No
CUST00387,Female,0,No,Yes,19,Yes,DSL,Month-to-month,No,Credit card (automatic),99.64,1971.97,Yes
CUST00388,Male,1,No,No,55,Yes,DSL,Month-to-month,No,Electronic check,48.19,2694.79,No
CUST00389,Male,0,No,No,63,Yes,No,One year,No,Mailed check,20.51,1204.83,No
CUST00390,Female,0,No,No,57,Yes,Fiber optic,Month-to-month,Yes,Bank transfer (automatic),40.03,2340.33,No
CUST00391,Male,0,Yes,Yes,36,Yes,Fiber optic,Month-to-month,Yes,Bank transfer (automatic),101.14,3632.79,Yes
CUST00392,Female,0,No,No,50,No,Fiber optic,Month-to-month,Yes,Credit card (automatic),29.12,1393.86,No
CUST00393,Female,0,Yes,Yes,68,Yes,DSL,Two year,No,Electronic check,69.39,4774.04,No
CUST00394,Male,0,Yes,No,3,Yes,DSL,Month-to-month,Yes,Bank transfer (automatic),112.64,411.64,No
CUST00395,Male,0,Yes,No,66,Yes,Fiber optic,Month-to-month,Yes,Credit card (automatic),89.43,5863.69,No
CUST00396,Male,0,Yes,Yes,52,Yes,Fiber optic,Two year,No,Credit card (automatic),82.53,4263.51,No
CUST00397,Female,0,Yes,Yes,28,Yes,DSL,Two year,No,Electronic check,45.79,1171.15,No
CUST00398,Female,0,No,Yes,32,Yes,Fiber optic,Month-to-month,Yes,Credit card (automatic),53.63,1571.78,No
CUST00399,Female,1,Yes,No,32,No,Fiber optic,Two year,No,Electronic check,105.61,3360.14,No
CUST00400,Female,0,Yes,No,11,Yes,Fiber optic,Month-to-month,Yes,Bank transfer (automatic),83.81,985.27,Yes
CUST00401,Male,0,Yes,No,16,No,DSL,Month-to-month,Yes,Electronic check,94.26,1462.3,No
CUST00402,Male,0,No,No,21,Yes,Fiber optic,Month-to-month,Yes,Bank transfer (automatic),73.84,1664.86,Yes
CUST00403,Female,0,Yes,No,0,Yes,Fiber optic,Month-to-month,No,Electronic check,64.96,0.0,Yes
CUST00404,Male,0,Yes,No,36,Yes,No,One year,Yes,Electronic check,32.21,1143.48,Yes
CUST00405,Female,1,No,No,34,Yes,DSL,Month-to-month,No,Electronic check,78.48,2645.19,Yes
CUST00406,Male,0,Yes,No,24,Yes,No,Two year,Yes,Credit card (automatic),24.57,668.21,No
CUST00407,Female,0,No,No,12,Yes,Fiber optic,Month-to-month,No,Bank transfer (automatic),36.65,363.09,No
CUST00408,Female,1,Yes,No,70,Yes,Fiber optic,Month-to-month,No,Bank transfer (automatic),95.85,6699.18,Yes
CUST00409,Male,0,Yes,No,49,Yes,DSL,Month-to-month,No,Bank transfer (automatic),83.0,4023.21,No
CUST00410,Female,0,Yes,No,34,Yes,DSL,Month-to-month,No,Mailed check,56.84,1887.63,No
CUST00411,Female,0,No,No,52,Yes,Fiber optic,Two year,No,Electronic check,101.48,5279.77,No
CUST00412,Female,0,Yes,No,27,Yes,DSL,One year,No,Electronic check,78.1,2099.63,No
CUST00413,Female,0,No,Yes,15,Yes,DSL,Two year,Yes,Mailed check,78.58,1262.83,No
CUST00414,Female,0,Yes,No,49,Yes,No,One year,No,Credit card (automatic),29.23,1431.41,No
CUST00415,Female,1,No,Yes,56,Yes,DSL,Month-to-month,Yes,Electronic check,88.72,5012.72,No
CUST00416,Male,1,Yes,No,47,No,No,Month-to-month,Yes,Bank transfer (automatic),19.6,935.02,Yes
CUST00417,Male,1,Yes,No,41,Yes,Fiber optic,Month-to-month,Yes,Credit card (automatic),67.29,2871.19,Yes
CUST00418,Female,0,Yes,No,0,Yes,Fiber optic,Two year,Yes,Credit card (automatic),121.59,0.0,No
CUST00419,Female,0,No,Yes,46,Yes,DSL,Month-to-month,Yes,Electronic check,53.65,2443.93,No
CUST00420,Male,1,Yes,No,45,Yes,Fiber optic,Month-to-month,Yes,Credit card (automatic),90.65,4138.85,Yes
CUST00421,Male,0,No,No,30,Yes,Fiber optic,One year,Yes,Bank transfer (automatic),69.9,2071.72,No
CUST00422,Male,0,No,No,17,Yes,No,Month-to-month,No,Bank transfer (automatic),24.96,464.19,No
CUST00423,Male,0,No,No,71,Yes,DSL,Month-to-month,No,Credit card (automatic),102.84,7488.67,Yes
CUST00424,Male,0,Yes,No,27,Yes,DSL,Month-to-month,Yes,Electronic check,64.21,1655.35,Yes
CUST00425,Female,0,No,No,19,Yes,No,Month-to-month,No,Credit card (automatic),28.9,671.63,Yes
CUST00426,Female,1,No,Yes,51,Yes,DSL,Month-to-month,Yes,Bank transfer (automatic),78.64,3971.26,Yes
CUST00427,Male,0,No,No,35,Yes,Fiber optic,Two year,Yes,Credit card (automatic),55.97,2065.96,No
CUST00428,Male,0,No,No,40,Yes,DSL,One year,No,Credit card (automatic),103.45,4192.88,No
CUST00429,Female,1,No,Yes,47,Yes,DSL,Month-to-month,No,Bank transfer (automatic),89.78,4267.69,No
CUST00430,Male,0,No,No,26,Yes,Fiber optic,One year,No,Electronic check,61.14,1577.56,No
CUST00431,Female,0,No,No,11,Yes,Fiber optic,Two year,Yes,Electronic check,99.59,1075.45,No
CUST00432,Male,0,Yes,No,12,Yes,Fiber optic,One year,Yes,Credit card (automatic),51.21,556.76,No
CUST00433,Male,0,No,No,68,Yes,Fiber optic,Two year,Yes,Bank transfer (automatic),71.28,4847.54,No
CUST00434,Female,0,No,No,36,Yes,Fiber optic,Two year,No,Credit card (automatic),61.27,2191.01,No
CUST00435,Female,0,No,Yes,30,Yes,No,Month-to-month,Yes,Mailed check,23.04,706.48,No
CUST00436,Female,0,No,No,23,No,DSL,Month-to-month,Yes,Bank transfer (automatic),60.01,1267.38,Yes
CUST00437,Male,0,Yes,No,52,Yes,DSL,Month-to-month,Yes,Credit card (automatic),90.96,4731.73,No
CUST00438,Male,0,Yes,No,66,No,DSL,Month-to-month,No,Credit card (automatic),86.86,5833.77,No
CUST00439,Female,0,Yes,No,56,No,Fiber optic,Two year,Yes,Mailed check,62.62,3582.24,No
CUST00440,Female,0,No,No,39,Yes,Fiber optic,One year,No,Electronic check,117.74,4593.7,Yes
CUST00441,Male,0,Yes,No,34,Yes,Fiber optic,Month-to-month,Yes,Credit card (automatic),53.37,2019.57,Yes
CUST00442,Female,1,No,Yes,63,Yes,Fiber optic,Two year,Yes,Credit card (automatic),36.77,2270.32,No
CUST00443,Female,0,No,No,62,No,Fiber optic,One year,Yes,Mailed check,93.4,5783.87,No
CUST00444,Female,0,No,No,28,Yes,Fiber optic,Month-to-month,Yes,Bank transfer (automatic),18.26,395.24,Yes
CUST00445,Male,0,Yes,No,70,Yes,Fiber optic,Two year,No,Electronic check,109.3,7618.71,No
CUST00446,Male,0,No,Yes,60,Yes,Fiber optic,Month-to-month,No,Mailed check,74.54,4615.43,No
CUST00447,Female,0,Yes,No,61,Yes,DSL,Month-to-month,Yes,Electronic check,36.33,2186.89,No
CUST00448,Male,0,No,Yes,4,Yes,Fiber optic,Month-to-month,Yes,Electronic check,48.29,70.93,Yes
CUST00449,Male,1,Yes,No,9,Yes,DSL,Two year,Yes,Credit card (automatic),31.15,350.11,No
CUST00450,Female,0,Yes,No,21,Yes,No,Month-to-month,No,Mailed check,35.61,778.95,No
CUST00451,Male,1,Yes,Yes,55,Yes,Fiber optic,Month-to-month,No,Credit card (automatic),38.83,2202.1,No
CUST00452,Male,1,No,No,5,Yes,DSL,One year,No,Mailed check,84.55,398.99,Yes
CUST00453,Female,0,Yes,No,6,Yes,DSL,Two year,Yes,Electronic check,64.38,305.71,No
CUST00454,Female,0,No,Yes,2,Yes,Fiber optic,Month-to-month,Yes,Mailed check,60.12,105.55,Yes
CUST00455,Male,0,No,No,14,Yes,No,Month-to-month,No,Electronic check,22.96,365.83,Yes
CUST00456,Male,1,No,No,67,Yes,DSL,Two year,Yes,Bank transfer (automatic),87.59,5862.74,No
CUST00457,Female,0,Yes,Yes,52,Yes,DSL,One year,No,Credit card (automatic),100.65,5264.84,No
CUST00458,Male,0,Yes,No,52,Yes,Fiber optic,Month-to-month,No,Credit card (automatic),56.16,2877.37,Yes
CUST00459,Male,1,Yes,No,21,Yes,No,Month-to-month,No,Credit card (automatic),29.16,646.37,Yes
CUST00460,Female,0,Yes,Yes,45,Yes,No,Month-to-month,No,Credit card (automatic),23.04,1036.56,Yes
CUST00461,Male,0,No,Yes,56,No,DSL,One year,Yes,Credit card (automatic),76.07,4203.45,No
CUST00462,Female,0,Yes,No,38,Yes,Fiber optic,One year,No,Bank transfer (automatic),52.54,2007.72,Yes
CUST00463,Male,1,Yes,No,62,Yes,Fiber optic,One year,Yes,Bank transfer (automatic),61.4,3775.86,No
CUST00464,Female,1,Yes,No,41,Yes,Fiber optic,Month-to-month,No,Mailed check,61.52,2571.69,Yes
CUST00465,Female,0,No,No,23,Yes,Fiber optic,Two year,Yes,Electronic check,79.33,1894.44,No
CUST00466,Male,0,Yes,No,46,Yes,Fiber optic,Month-to-month,No,Bank transfer (automatic),72.07,3355.34,No
CUST00467,Female,0,No,No,68,Yes,Fiber optic,Two year,No,Bank transfer (automatic),84.66,5626.08,Yes
CUST00468,Male,0,Yes,No,60,Yes,DSL,Month-to-month,Yes,Electronic check,69.33,4082.62,No
CUST00469,Female,0,No,No,36,Yes,DSL,Month-to-month,Yes,Credit card (automatic),57.51,2019.43,No
CUST00470,Male,0,No,No,43,Yes,Fiber optic,Month-to-month,Yes,Electronic check,76.78,3237.83,Yes
CUST00471,Male,0,Yes,No,71,Yes,DSL,Month-to-month,No,Bank transfer (automatic),49.07,3440.54,No
CUST00472,Male,0,Yes,No,54,Yes,Fiber optic,Month-to-month,No,Credit card (automatic),86.23,4730.44,No
CUST00473,Female,0,Yes,No,36,Yes,Fiber optic,One year,Yes,Electronic check,64.86,2390.85,No
CUST00474,Female,0,Yes,Yes,20,Yes,No,Two year,No,Credit card (automatic),25.02,466.49,No
CUST00475,Male,0,Yes,No,66,Yes,DSL,Month-to-month,No,Credit card (automatic),77.5,5162.34,Yes
CUST00476,Male,0,No,No,71,Yes,DSL,Month-to-month,No,Bank transfer (automatic),112.04,7981.15,Yes
CUST00477,Male,0,No,Yes,5,Yes,Fiber optic,Month-to-month,No,Credit card (automatic),81.54,405.07,Yes
CUST00478,Female,1,Yes,Yes,2,Yes,Fiber optic,Two year,No,Bank transfer (automatic),73.83,239.52,No
CUST00479,Male,0,No,No,8,Yes,DSL,Month-to-month,No,Mailed check,54.69,384.62,No
CUST00480,Female,0,Yes,No,28,Yes,Fiber optic,Month-to-month,Yes,Bank transfer (automatic),92.06,2581.9,Yes
CUST00481,Female,1,No,No,11,No,DSL,Month-to-month,No,Mailed check,65.24,633.57,Yes
CUST00482,Male,0,Yes,No,64,Yes,DSL,Month-to-month,Yes,Electronic check,33.86,2086.81,Yes
CUST00483,Female,0,No,No,66,Yes,Fiber optic,One year,No,Electronic check,67.12,4321.06,No
CUST00484,Male,0,No,No,13,Yes,Fiber optic,Month-to-month,No,Mailed check,76.79,919.4,Yes
CUST00485,Female,1,Yes,Yes,60,Yes,Fiber optic,Month-to-month,No,Credit card (automatic),51.54,3099.05,No
CUST00486,Female,0,Yes,No,10,Yes,Fiber optic,Two year,Yes,Credit card (automatic),69.05,666.3,Yes
CUST00487,Female,1,Yes,Yes,57,Yes,No,Month-to-month,Yes,Credit card (automatic),21.24,1189.09,Yes
CUST00488,Male,0,No,No,26,Yes,DSL,One year,Yes,Electronic check,70.6,1811.67,Yes
CUST00489,Male,0,No,No,2,No,Fiber optic,Month-to-month,No,Bank transfer (automatic),102.87,347.56,Yes
CUST00490,Male,0,No,No,31,Yes,DSL,Two year,No,Bank transfer (automatic),39.21,1124.54,No
CUST00491,Male,0,No,No,60,Yes,Fiber optic,One year,Yes,Electronic check,122.85,7271.47,No
CUST00492,Male,0,No,No,68,Yes,Fiber optic,Month-to-month,Yes,Bank transfer (automatic),71.18,4772.61,No
CUST00493,Male,0,Yes,Yes,8,No,Fiber optic,Two year,No,Mailed check,86.51,686.33,Yes
CUST00494,Male,1,No,Yes,61,Yes,DSL,Month-to-month,Yes,Credit card (automatic),75.2,4628.38,No
CUST00495,Female,0,No,Yes,21,No,Fiber optic,Month-to-month,Yes,Electronic check,28.85,655.34,Yes
CUST00496,Female,0,Yes,Yes,33,Yes,Fiber optic,One year,Yes,Credit card (automatic),45.59,1580.04,No
CUST00497,Female,0,No,No,7,Yes,No,One year,No,Credit card (automatic),18.0,117.34,No
CUST00498,Female,0,Yes,No,71,Yes,Fiber optic,Month-to-month,Yes,Bank transfer (automatic),96.84,6843.93,No
CUST00499,Male,0,Yes,No,57,Yes,Fiber optic,Month-to-month,No,Electronic check,37.39,2261.91,No
CUST00500,Female,0,No,No,46,Yes,Fiber optic,Month-to-month,Yes,Electronic check,50.61,2105.32,Yes
CUST00501,Female,0,Yes,Yes,53,Yes,Fiber optic,One year,Yes,Credit card (automatic),76.12,4039.38,No
CUST00502,Male,0,Yes,Yes,63,Yes,Fiber optic,Two year,No,Electronic check,83.82,5315.06,No
CUST00503,Male,1,Yes,No,10,Yes,Fiber optic,Month-to-month,No,Electronic check,83.07,980.59,Yes
CUST00504,Male,0,No,No,17,Yes,Fiber optic,Two year,Yes,Credit card (automatic),47.4,672.95,Yes
CUST00505,Female,0,No,No,2,Yes,Fiber optic,Month-to-month,No,Credit card (automatic),32.05,30.49,Yes
CUST00506,Female,0,Yes,Yes,35,Yes,Fiber optic,Two year,No,Bank transfer (automatic),85.48,2883.19,No
CUST00507,Male,0,Yes,No,36,Yes,Fiber optic,Two year,No,Electronic check,107.83,3738.02,No
CUST00508,Female,1,Yes,No,2,Yes,Fiber optic,One year,Yes,Mailed check,63.37,110.38,Yes
CUST00509,Female,1,No,No,48,Yes,Fiber optic,Month-to-month,Yes,Credit card (automatic),43.38,2148.89,No
CUST00510,Female,1,Yes,Yes,0,Yes,Fiber optic,Month-to-month,Yes,,61.25,96.48,Yes
CUST00511,Male,0,No,Yes,57,Yes,Fiber optic,Month-to-month,No,Electronic check,81.85,4622.9,Yes
CUST00512,Male,0,No,No,51,Yes,Fiber optic,One year,No,Electronic check,66.17,3427.99,No
CUST00513,Male,0,Yes,No,59,Yes,No,Two year,Yes,Bank transfer (automatic),28.99,1694.59,No
CUST00514,Male,0,No,No,8,Yes,DSL,Month-to-month,Yes,Electronic check,95.12,805.49,Yes
CUST00515,Male,0,No,No,63,No,DSL,Month-to-month,Yes,Credit card (automatic),76.61,4918.79,No
CUST00516,Female,0,No,No,39,Yes,DSL,Month-to-month,Yes,Electronic check,23.14,886.92,Yes
CUST00517,Male,1,Yes,No,63,Yes,Fiber optic,One year,No,Electronic check,54.69,3531.63,No
CUST00518,Female,0,No,No,50,Yes,Fiber optic,One year,Yes,Credit card (automatic),58.3,2817.96,No
CUST00519,Female,0,No,No,47,Yes,Fiber optic,Month-to-month,No,Credit card (automatic),53.33,2559.03,Yes
CUST00520,Male,0,No,No,2,No,DSL,One year,Yes,Bank transfer (automatic),76.77,236.23,Yes
CUST00521,Female,0,No,No,50,No,No,Month-to-month,No,Credit card (automatic),19.42,1045.42,No
CUST00522,Female,0,Yes,No,32,Yes,Fiber optic,One year,No,Electronic check,30.15,870.0,No
CUST00523,Female,0,No,No,61,Yes,Fiber optic,Month-to-month,Yes,Mailed check,92.11,5602.25,No
CUST00524,Male,1,No,No,49,Yes,DSL,Month-to-month,No,Electronic check,72.4,3571.77,Yes
CUST00525,Female,0,Yes,No,5,Yes,DSL,One year,No,Mailed check,80.94,440.14,No
CUST00526,Female,0,Yes,No,64,Yes,DSL,One year,No,Credit card (automatic),90.62,5808.95,Yes
CUST00527,Male,0,Yes,No,4,No,Fiber optic,Month-to-month,Yes,Credit card (automatic),52.83,325.65,Yes
CUST00528,Female,0,No,No,21,Yes,Fiber optic,Two year,Yes,Electronic check,103.47,2069.22,Yes
CUST00529,Male,0,Yes,No,15,Yes,DSL,Month-to-month,Yes,Mailed check,68.46,1007.68,No
CUST00530,Male,0,No,No,71,Yes,Fiber optic,Month-to-month,No,Credit card (automatic),109.81,7661.49,No
CUST00531,Male,0,Yes,No,11,Yes,DSL,Two year,Yes,Bank transfer (automatic),49.65,595.85,No
CUST00532,Female,0,Yes,No,61,Yes,Fiber optic,Two year,No,Electronic check,107.96,6629.93,No
CUST00533,Female,0,No,No,16,Yes,DSL,Month-to-month,Yes,Mailed check,49.4,1058.29,Yes
CUST00534,Female,0,Yes,Yes,47,Yes,DSL,Two year,No,Electronic check,125.0,5957.11,Yes
CUST00535,Male,0,No,No,6,Yes,DSL,One year,Yes,Mailed check,48.2,315.71,Yes
CUST00536,Female,1,Yes,No,28,Yes,Fiber optic,Month-to-month,Yes,Mailed check,98.41,2775.87,Yes
CUST00537,Female,0,No,No,45,Yes,No,Month-to-month,Yes,Bank transfer (automatic),24.78,1089.77,No
CUST00538,Female,0,Yes,No,51,Yes,Fiber optic,Month-to-month,No,Mailed check,89.88,4594.32,Yes
CUST00539,Male,1,No,No,63,Yes,DSL,One year,No,Bank transfer (automatic),70.99,4494.47,No
CUST00540,Female,0,No,No,59,No,No,Two year,Yes,Electronic check,33.93,1844.69,Yes
CUST00541,Male,0,Yes,No,37,No,No,Month-to-month,Yes,Electronic check,30.98,1162.01,Yes
CUST00542,Female,0,Yes,No,22,Yes,Fiber optic,Month-to-month,No,Mailed check,125.0,2758.08,No
CUST00543,Female,0,Yes,No,19,Yes,DSL,Month-to-month,Yes,Credit card (automatic),73.83,1543.09,No
CUST00544,Female,0,No,No,72,Yes,Fiber optic,Month-to-month,Yes,Credit card (automatic),18.0,1285.47,No
CUST00545,Male,1,No,No,44,Yes,No,Two year,No,Electronic check,24.91,1034.8,No
CUST00546,Female,0,Yes,No,66,Yes,Fiber optic,Month-to-month,Yes,Mailed check,89.24,5911.32,No
CUST00547,Female,0,Yes,No,31,Yes,,Month-to-month,Yes,Bank transfer (automatic),54.12,1683.67,Yes
CUST00548,Male,0,No,Yes,35,Yes,Fiber optic,Month-to-month,Yes,Mailed check,54.29,1889.7,Yes
CUST00549,Male,0,No,No,60,Yes,No,One year,No,Bank transfer (automatic),29.76,1683.28,No
CUST00550,Male,0,No,Yes,52,Yes,DSL,One year,Yes,Credit card (automatic),102.06,5294.64,No
CUST00551,Male,0,Yes,No,14,No,DSL,One year,No,Electronic check,74.5,996.66,No
CUST00552,Female,0,No,No,38,Yes,Fiber optic,Month-to-month,Yes,Bank transfer (automatic),108.58,4108.72,Yes
CUST00553,Male,0,No,No,15,No,DSL,One year,No,Bank transfer (automatic),100.28,1562.77,Yes
CUST00554,Female,0,Yes,No,55,Yes,Fiber optic,One year,Yes,Bank transfer (automatic),66.28,3591.44,No
CUST00555,Male,0,Yes,No,2,Yes,DSL,One year,Yes,Electronic check,32.74,47.78,Yes
CUST00556,Male,0,Yes,No,60,No,DSL,One year,Yes,Bank transfer (automatic),66.33,4023.1,No
CUST00557,Male,0,No,No,67,Yes,DSL,Two year,Yes,Electronic check,85.16,5684.17,No
CUST00558,Male,0,Yes,No,1,Yes,Fiber optic,Month-to-month,Yes,Bank transfer (automatic),73.5,282.23,No
CUST00559,Male,0,No,No,46,Yes,Fiber optic,Month-to-month,No,Bank transfer (automatic),87.86,4061.47,Yes
CUST00560,Male,0,No,No,5,Yes,Fiber optic,Two year,No,Electronic check,93.59,368.6,Yes
CUST00561,Male,0,No,Yes,26,Yes,DSL,Month-to-month,No,Credit card (automatic),85.27,2149.88,Yes
CUST00562,Female,0,No,Yes,24,Yes,No,Two year,Yes,Credit card (automatic),27.39,582.17,No
CUST00563,Female,0,Yes,No,37,Yes,Fiber optic,One year,No,Bank transfer (automatic),85.0,3079.0,No
CUST00564,Female,0,No,Yes,66,Yes,No,Two year,Yes,Credit card (automatic),21.76,1479.12,No
CUST00565,Male,0,Yes,No,33,Yes,Fiber optic,One year,No,Credit card (automatic),34.75,1058.23,No
CUST00566,Female,0,No,Yes,29,Yes,DSL,Two year,No,Electronic check,84.18,2414.72,No
CUST00567,Female,0,No,No,6,Yes,Fiber optic,One year,Yes,Bank transfer (automatic),117.8,798.22,No
CUST00568,Female,0,No,Yes,64,Yes,Fiber optic,Month-to-month,Yes,Bank transfer (automatic),42.64,2687.38,No
CUST00569,Male,0,No,Yes,22,Yes,DSL,Month-to-month,No,Bank transfer (automatic),97.03,2188.38,Yes
CUST00570,Male,0,Yes,No,33,No,Fiber optic,Month-to-month,Yes,Credit card (automatic),100.37,3177.57,Yes
CUST00571,Male,1,No,No,6,Yes,Fiber optic,Month-to-month,No,Mailed check,35.08,180.83,Yes
CUST00572,Female,0,No,No,21,Yes,DSL,Two year,No,Electronic check,89.81,1815.13,No
CUST00573,Female,0,No,No,40,Yes,Fiber optic,Month-to-month,Yes,Mailed check,65.22,2632.78,Yes
CUST00574,Female,0,Yes,Yes,65,Yes,DSL,One year,Yes,Credit card (automatic),70.49,4499.07,No
CUST00575,Female,0,Yes,No,24,Yes,DSL,Month-to-month,Yes,Mailed check,63.88,1698.69,No
CUST00576,Female,0,No,No,40,Yes,No,Month-to-month,No,Electronic check,18.0,588.85,Yes
CUST00577,Male,0,Yes,Yes,63,Yes,Fiber optic,Two year,Yes,Electronic check,69.2,4450.46,Yes
CUST00578,Male,0,No,No,26,Yes,Fiber optic,Month-to-month,Yes,Bank transfer (automatic),60.42,1641.18,Yes
CUST00579,Male,1,No,No,21,Yes,Fiber optic,One year,Yes,Electronic check,60.84,1302.43,No
CUST00580,Female,0,No,No,3,Yes,No,Month-to-month,No,Mailed check,20.37,65.46,Yes
CUST00581,Female,0,Yes,No,66,Yes,Fiber optic,Month-to-month,No,Electronic check,45.01,3119.06,Yes
CUST00582,Male,1,No,No,8,Yes,Fiber optic,Month-to-month,No,Mailed check,60.2,679.28,Yes
CUST00583,Female,0,Yes,Yes,15,Yes,DSL,One year,No,Electronic check,74.94,1107.52,No
CUST00584,Female,0,Yes,No,10,Yes,Fiber optic,Month-to-month,No,Electronic check,82.11,833.72,Yes
CUST00585,Female,0,No,No,51,Yes,Fiber optic,Two year,No,Bank transfer (automatic),102.1,5162.91,Yes
CUST00586,Male,0,Yes,Yes,26,Yes,Fiber optic,One year,Yes,Electronic check,78.02,1934.98,No
CUST00587,Male,0,Yes,Yes,51,Yes,Fiber optic,Month-to-month,Yes,Electronic check,60.14,3104.19,Yes
CUST00588,Female,0,Yes,No,44,No,DSL,Month-to-month,No,Bank transfer (automatic),46.72,2075.65,Yes
CUST00589,Male,0,No,No,1,Yes,No,Month-to-month,Yes,Electronic check,24.25,0.0,Yes
CUST00590,Male,0,No,No,22,Yes,Fiber optic,Two year,Yes,Electronic check,69.07,1556.02,No
CUST00591,Male,0,Yes,No,0,Yes,Fiber optic,Month-to-month,No,Mailed check,69.89,22.65,Yes
CUST00592,Male,0,Yes,No,4,Yes,Fiber optic,Month-to-month,No,Mailed check,78.56,266.14,Yes
CUST00593,Female,0,No,No,34,Yes,Fiber optic,Month-to-month,Yes,Bank transfer (automatic),84.98,2836.0,Yes
CUST00594,Male,1,Yes,No,19,Yes,Fiber optic,Month-to-month,Yes,Credit card (automatic),78.74,1529.96,Yes
CUST00595,Female,0,No,No,6,Yes,Fiber optic,One year,Yes,Mailed check,67.74,535.15,Yes
CUST00596,Male,0,No,Yes,29,Yes,Fiber optic,Month-to-month,Yes,Bank transfer (automatic),51.97,1539.0,Yes
CUST00597,Male,0,No,Yes,32,Yes,DSL,Month-to-month,Yes,Credit card (automatic),56.68,1876.2,Yes
CUST00598,Male,0,No,No,72,Yes,DSL,Month-to-month,Yes,Mailed check,93.21,6644.54,No
CUST00599,Male,0,No,Yes,48,Yes,Fiber optic,One year,No,Credit card (automatic),61.41,2914.54,Yes
CUST00600,Male,0,No,No,28,Yes,Fiber optic,One year,Yes,Bank transfer (automatic),38.35,1122.44,No
CUST00601,Male,0,Yes,No,34,Yes,DSL,Month-to-month,Yes,Bank transfer (automatic),100.99,3324.99,Yes
CUST00602,Male,1,Yes,No,6,Yes,DSL,Month-to-month,No,Credit card (automatic),48.44,307.22,Yes
CUST00603,Male,0,No,No,28,Yes,Fiber optic,One year,Yes,Electronic check,72.88,2080.11,No
CUST00604,Female,0,Yes,No,42,Yes,Fiber optic,Month-to-month,Yes,Credit card (automatic),84.28,3536.68,No
CUST00605,Male,1,No,Yes,1,Yes,Fiber optic,Month-to-month,Yes,Mailed check,72.08,97.63,Yes
CUST00606,Male,1,No,No,67,Yes,Fiber optic,Month-to-month,No,Bank transfer (automatic),18.0,1210.63,Yes
CUST00607,Female,0,No,Yes,37,Yes,No,Month-to-month,Yes,Mailed check,24.39,852.66,Yes
CUST00608,Male,0,Yes,No,57,No,Fiber optic,Month-to-month,Yes,Electronic check,105.16,5899.87,Yes
CUST00609,Male,0,No,Yes,20,No,Fiber optic,Month-to-month,Yes,Electronic check,91.66,1825.97,No
CUST00610,Male,0,No,Yes,61,Yes,DSL,One year,No,Credit card (automatic),18.9,1257.26,No
CUST00611,Male,0,Yes,Yes,26,Yes,Fiber optic,Month-to-month,No,Bank transfer (automatic),125.0,3331.95,Yes
CUST00612,Female,1,No,No,67,Yes,DSL,Month-to-month,No,Credit card (automatic),38.85,2575.32,Yes
CUST00613,Male,1,No,Yes,38,Yes,DSL,Month-to-month,No,Electronic check,45.04,1682.23,Yes
CUST00614,Female,0,No,No,46,Yes,DSL,Month-to-month,Yes,Electronic check,91.55,4176.12,No
CUST00615,Male,0,No,No,14,Yes,DSL,One year,Yes,Electronic check,83.32,1131.31,No
CUST00616,Male,1,Yes,No,72,Yes,Fiber optic,One year,Yes,Electronic check,74.01,5351.74,No
CUST00617,Female,1,Yes,No,14,Yes,Fiber optic,Two year,Yes,Mailed check,57.76,893.24,No
CUST00618,Female,0,No,Yes,2,Yes,No,Month-to-month,Yes,Credit card (automatic),26.59,234.2,Yes
CUST00619,Female,0,Yes,No,32,No,Fiber optic,Month-to-month,Yes,Credit card (automatic),71.02,2206.25,Yes
CUST00620,Female,0,Yes,No,60,Yes,Fiber optic,Month-to-month,No,Mailed check,32.85,2023.09,No
CUST00621,Female,0,Yes,No,67,Yes,DSL,Two year,No,Mailed check,102.81,6931.66,Yes
CUST00622,Female,0,Yes,No,62,Yes,Fiber optic,Month-to-month,Yes,Bank transfer (automatic),77.48,4777.38,Yes
CUST00623,Female,1,No,No,40,No,Fiber optic,Month-to-month,Yes,Bank transfer (automatic),99.88,3913.12,Yes
CUST00624,Female,1,Yes,No,66,Yes,No,One year,Yes,Bank transfer (automatic),21.76,1458.19,No
CUST00625,Male,1,No,Yes,35,Yes,No,Month-to-month,Yes,Bank transfer (automatic),18.0,799.59,No
CUST00626,Female,0,Yes,No,34,Yes,DSL,Month-to-month,Yes,Electronic check,64.25,2206.02,No
CUST00627,Female,0,No,Yes,13,Yes,Fiber optic,Month-to-month,Yes,Electronic check,72.4,878.22,Yes
CUST00628,Female,0,Yes,No,57,Yes,Fiber optic,One year,Yes,Credit card (automatic),90.0,5117.42,No
CUST00629,Male,0,No,No,23,Yes,Fiber optic,One year,No,Bank transfer (automatic),64.41,1390.22,Yes
CUST00630,Female,0,Yes,Yes,14,Yes,DSL,Month-to-month,Yes,Credit card (automatic),92.07,1290.46,Yes
CUST00631,Male,0,No,Yes,26,Yes,Fiber optic,One year,Yes,Electronic check,18.0,522.67,No
CUST00632,Female,0,Yes,No,44,Yes,Fiber optic,Month-to-month,Yes,Bank transfer (automatic),70.18,3032.51,Yes
CUST00633,Female,0,Yes,No,19,No,Fiber optic,Month-to-month,Yes,Electronic check,69.43,1058.72,No
CUST00634,Female,0,Yes,No,26,Yes,Fiber optic,Two year,Yes,Credit card (automatic),68.52,1803.67,No
CUST00635,Female,0,No,No,24,Yes,DSL,One year,No,Electronic check,50.08,1161.8,Yes
CUST00636,Male,0,No,No,43,Yes,No,Two year,Yes,Bank transfer (automatic),20.65,827.9,No
CUST00637,Female,0,Yes,No,52,No,DSL,One year,Yes,Electronic check,59.39,3027.54,No
CUST00638,Female,0,Yes,Yes,49,Yes,DSL,Month-to-month,No,Electronic check,77.01,3805.51,No
CUST00639,Male,1,No,No,10,Yes,DSL,Month-to-month,Yes,Electronic check,71.07,678.07,Yes
CUST00640,Male,0,No,No,25,Yes,Fiber optic,Month-to-month,Yes,Bank transfer (automatic),84.51,2187.19,No
CUST00641,Male,0,Yes,No,47,Yes,Fiber optic,Month-to-month,No,Credit card (automatic),107.77,5141.39,Yes
CUST00642,Male,0,No,No,15,Yes,DSL,Month-to-month,Yes,Credit card (automatic),76.88,1131.55,No
CUST00643,Male,0,No,Yes,5,Yes,DSL,Month-to-month,No,Bank transfer (automatic),93.03,423.48,Yes
CUST00644,Female,0,No,Yes,23,No,Fiber optic,Month-to-month,Yes,Bank transfer (automatic),75.62,1749.48,No
CUST00645,Male,0,Yes,Yes,49,Yes,Fiber optic,Two year,No,Credit card (automatic),59.35,2896.52,No
CUST00646,Female,0,Yes,Yes,48,Yes,DSL,Month-to-month,Yes,Electronic check,68.46,3145.88,Yes
CUST00647,Female,0,Yes,No,9,Yes,No,Month-to-month,No,Credit card (automatic),19.24,326.29,Yes
CUST00648,Male,0,No,Yes,49,Yes,DSL,One year,No,Bank transfer (automatic),86.2,4280.95,No
CUST00649,Male,0,Yes,No,14,Yes,Fiber optic,One year,No,Bank transfer (automatic),74.67,1008.3,No
CUST00650,Male,0,No,No,54,Yes,DSL,Month-to-month,No,Electronic check,52.14,2662.25,No
CUST00651,Female,0,No,No,41,Yes,Fiber optic,One year,No,Electronic check,66.45,2710.02,No
CUST00652,Male,0,No,No,9,Yes,Fiber optic,One year,Yes,Mailed check,33.85,,No
CUST00653,Female,1,Yes,No,25,Yes,Fiber optic,Two year,Yes,Credit card (automatic),67.38,1679.65,No
CUST00654,Male,0,Yes,No,59,Yes,Fiber optic,Month-to-month,Yes,Bank transfer (automatic),72.03,4076.66,No
CUST00655,Male,0,Yes,No,31,Yes,No,Month-to-month,Yes,Bank transfer (automatic),37.6,1127.82,No
CUST00656,Male,0,No,No,50,Yes,Fiber optic,One year,Yes,Mailed check,105.71,5252.59,No
CUST00657,Male,0,No,No,54,Yes,Fiber optic,Month-to-month,No,Credit card (automatic),46.15,2476.72,No
CUST00658,Male,0,Yes,No,2,Yes,Fiber optic,One year,No,Electronic check,77.04,135.18,Yes
CUST00659,Female,0,No,No,67,Yes,No,One year,No,Electronic check,29.6,1987.38,No
CUST00660,Female,1,Yes,No,24,Yes,DSL,One year,Yes,Bank transfer (automatic),66.24,1711.45,Yes
CUST00661,Female,0,Yes,No,57,Yes,DSL,Two year,No,Electronic check,67.83,3825.11,No
CUST00662,Male,0,Yes,No,34,Yes,DSL,One year,No,Electronic check,63.15,2074.21,No
CUST00663,Female,1,No,No,42,No,Fiber optic,Two year,No,Mailed check,118.82,4852.25,No
CUST00664,Female,0,Yes,No,26,Yes,DSL,One year,No,Electronic check,61.6,1560.71,No
CUST00665,Male,0,Yes,No,62,Yes,DSL,Month-to-month,Yes,Credit card (automatic),80.52,4880.14,No
CUST00666,Male,0,No,No,8,Yes,Fiber optic,Two year,Yes,Credit card (automatic),18.0,220.81,No
CUST00667,Male,0,No,No,65,Yes,DSL,One year,No,Credit card (automatic),92.59,6010.66,No
CUST00668,Male,0,Yes,No,15,Yes,DSL,Two year,No,Credit card (automatic),101.61,1599.31,No
CUST00669,Male,0,Yes,Yes,64,Yes,Fiber optic,Month-to-month,No,Electronic check,45.7,3042.06,Yes
CUST00670,Female,1,No,No,1,Yes,DSL,Month-to-month,No,Mailed check,59.2,0.0,Yes
CUST00671,Male,0,Yes,No,1,Yes,No,Two year,No,Bank transfer (automatic),18.4,0.0,No
CUST00672,Male,0,Yes,No,6,Yes,DSL,Month-to-month,No,Electronic check,72.49,541.47,No
CUST00673,Male,0,No,No,39,Yes,No,One year,No,Credit card (automatic),24.17,957.77,No
CUST00674,Female,0,Yes,No,19,Yes,Fiber optic,Month-to-month,No,Electronic check,64.82,1273.3,No
CUST00675,Male,0,No,No,43,No,DSL,Month-to-month,Yes,Bank transfer (automatic),118.58,5181.58,No
CUST00676,Male,0,Yes,Yes,59,Yes,DSL,Month-to-month,Yes,Bank transfer (automatic),55.26,3332.06,No
CUST00677,Male,0,Yes,Yes,1,Yes,Fiber optic,Two year,Yes,Credit card (automatic),125.0,157.83,No
CUST00678,Female,0,Yes,No,38,Yes,Fiber optic,Month-to-month,Yes,Bank transfer (automatic),103.05,4027.61,Yes
CUST00679,Male,0,Yes,No,53,Yes,DSL,One year,No,Bank transfer (automatic),92.8,4912.94,No
CUST00680,Male,0,Yes,No,30,Yes,No,One year,No,Electronic check,30.41,953.85,No
CUST00681,Male,0,Yes,Yes,67,Yes,Fiber optic,One year,Yes,Bank transfer (automatic),94.74,6333.44,No
CUST00682,Female,0,No,No,48,Yes,No,Month-to-month,Yes,Bank transfer (automatic),23.54,1211.56,No
CUST00683,Male,0,No,No,2,Yes,DSL,Month-to-month,Yes,Bank transfer (automatic),19.01,0.0,No
CUST00684,Male,0,Yes,No,39,Yes,DSL,Two year,No,Credit card (automatic),36.88,1303.69,No
CUST00685,Female,0,No,No,28,Yes,Fiber optic,Month-to-month,No,Electronic check,80.94,2318.71,Yes
CUST00686,Male,0,No,No,9,Yes,DSL,Month-to-month,Yes,Electronic check,68.67,536.42,No
CUST00687,Female,0,No,No,69,Yes,DSL,Two year,Yes,Credit card (automatic),59.09,3987.67,No
CUST00688,Male,0,Yes,No,16,Yes,DSL,Month-to-month,Yes,Electronic check,98.97,1684.71,No
CUST00689,Female,0,Yes,Yes,6,Yes,DSL,Month-to-month,Yes,Bank transfer (automatic),49.91,376.76,No
CUST00690,Male,0,Yes,Yes,16,No,Fiber optic,Two year,No,Bank transfer (automatic),60.62,942.52,No
CUST00691,Male,0,Yes,No,60,Yes,DSL,Month-to-month,No,Credit card (automatic),55.82,3105.56,Yes
CUST00692,Male,0,Yes,No,43,Yes,No,Month-to-month,Yes,Electronic check,18.0,816.66,No
CUST00693,Male,0,No,No,59,Yes,DSL,Month-to-month,Yes,Electronic check,29.01,1764.59,Yes
CUST00694,Male,0,No,No,33,Yes,Fiber optic,One year,Yes,Credit card (automatic),59.56,2006.82,No
CUST00695,Female,0,Yes,No,8,Yes,Fiber optic,Two year,Yes,Bank transfer (automatic),28.93,269.11,Yes
CUST00696,Female,1,Yes,No,28,Yes,Fiber optic,One year,Yes,Bank transfer (automatic),64.18,1782.53,No
CUST00697,Male,0,Yes,No,14,Yes,No,Two year,Yes,Mailed check,23.31,293.5,No
CUST00698,Male,1,No,No,40,Yes,Fiber optic,Month-to-month,Yes,Mailed check,90.52,3532.31,Yes
CUST00699,Female,0,No,No,19,Yes,DSL,One year,No,Credit card (automatic),53.81,966.6,No
CUST00700,Female,1,Yes,No,70,Yes,Fiber optic,Month-to-month,Yes,Bank transfer (automatic),85.33,5998.82,No
CUST00701,Male,1,No,No,27,Yes,Fiber optic,Two year,No,Credit card (automatic),67.37,1846.02,No
CUST00702,Male,0,No,No,22,Yes,DSL,Two year,Yes,Credit card (automatic),106.03,2395.85,No
CUST00703,Female,0,No,Yes,71,Yes,Fiber optic,Month-to-month,Yes,Bank transfer (automatic),68.75,4768.74,No
CUST00704,Female,1,No,No,37,Yes,DSL,Two year,Yes,Bank transfer (automatic),18.0,533.26,Yes
CUST00705,Female,1,No,No,12,Yes,Fiber optic,One year,Yes,Bank transfer (automatic),94.37,1102.06,No
CUST00706,Male,1,Yes,No,35,Yes,Fiber optic,Month-to-month,Yes,Credit card (automatic),60.52,2036.6,No
CUST00707,Female,0,Yes,Yes,18,No,Fiber optic,One year,No,Bank transfer (automatic),65.15,1187.58,No
CUST00708,Male,0,No,No,52,Yes,No,Two year,No,Electronic check,19.93,931.57,Yes
CUST00709,Female,1,Yes,No,41,Yes,Fiber optic,Month-to-month,Yes,Credit card (automatic),36.38,1586.0,No
CUST00710,Female,0,No,No,53,Yes,No,Month-to-month,Yes,Bank transfer (automatic),30.66,1559.22,Yes
CUST00711,Male,0,Yes,No,68,Yes,Fiber optic,Two year,Yes,Credit card (automatic),85.36,5931.89,No
CUST00712,Male,0,Yes,Yes,53,Yes,Fiber optic,Month-to-month,No,Mailed check,81.1,4340.24,Yes
CUST00713,Male,0,Yes,No,24,Yes,Fiber optic,Month-to-month,Yes,Mailed check,57.03,1284.3,Yes
CUST00714,Male,0,No,No,14,Yes,Fiber optic,One year,Yes,Bank transfer (automatic),96.8,1522.78,Yes
CUST00715,Male,0,Yes,Yes,38,Yes,Fiber optic,One year,No,Credit card (automatic),47.06,1809.52,No
CUST00716,Male,0,Yes,No,32,Yes,DSL,Month-to-month,No,Electronic check,56.36,1816.81,No
CUST00717,Male,0,Yes,No,22,Yes,No,Month-to-month,No,Mailed check,29.23,637.84,No
CUST00718,Female,1,No,Yes,59,Yes,Fiber optic,Two year,Yes,Credit card (automatic),79.39,4721.33,No
CUST00719,Female,0,No,No,66,Yes,Fiber optic,Month-to-month,Yes,Credit card (automatic),63.89,4258.77,No
CUST00720,Male,0,Yes,No,27,Yes,Fiber optic,One year,Yes,Electronic check,102.71,2703.97,No
CUST00721,Female,0,No,No,49,Yes,Fiber optic,Two year,No,Electronic check,79.38,3872.54,Yes
CUST00722,Male,1,Yes,No,71,Yes,Fiber optic,Month-to-month,No,Mailed check,73.89,5255.45,No
CUST00723,Male,0,No,Yes,0,Yes,Fiber optic,Two year,Yes,Electronic check,78.5,46.62,No
CUST00724,Female,0,Yes,No,26,Yes,DSL,One year,No,Electronic check,90.32,2396.3,No
CUST00725,Male,0,No,No,53,No,Fiber optic,Two year,Yes,Bank transfer (automatic),78.02,4148.22,No
CUST00726,Female,0,No,Yes,36,No,Fiber optic,Month-to-month,No,Bank transfer (automatic),26.76,919.33,No
CUST00727,Male,0,No,No,57,Yes,Fiber optic,Month-to-month,Yes,Mailed check,99.24,5608.55,Yes
CUST00728,Female,1,Yes,Yes,34,Yes,Fiber optic,One year,Yes,Mailed check,74.99,2454.34,No
CUST00729,Female,0,No,No,4,Yes,DSL,Two year,Yes,Credit card (automatic),89.12,403.89,No
CUST00730,Male,0,No,No,31,Yes,Fiber optic,Two year,No,Mailed check,61.85,1868.07,No
CUST00731,Male,1,Yes,No,29,Yes,Fiber optic,Month-to-month,Yes,Credit card (automatic),26.33,748.23,Yes
CUST00732,Female,0,No,No,61,Yes,Fiber optic,Month-to-month,Yes,Electronic check,18.0,1117.02,Yes
CUST00733,Male,1,No,Yes,10,Yes,Fiber optic,Month-to-month,No,Credit card (automatic),48.39,484.21,Yes
CUST00734,Male,0,Yes,No,11,No,Fiber optic,One year,No,Credit card (automatic),84.93,933.78,No
CUST00735,Female,0,No,No,10,Yes,Fiber optic,Two year,No,Electronic check,104.45,972.1,Yes
CUST00736,Male,1,Yes,No,41,Yes,DSL,Two year,No,Bank transfer (automatic),79.55,3283.06,No
CUST00737,Male,0,No,No,72,Yes,DSL,Month-to-month,No,Bank transfer (automatic),45.69,3264.65,Yes
CUST00738,Female,0,Yes,Yes,45,Yes,Fiber optic,Two year,No,Mailed check,52.4,2351.09,No
CUST00739,Male,1,Yes,Yes,59,Yes,DSL,Month-to-month,Yes,Credit card (automatic),106.02,6347.82,No
CUST00740,Male,0,No,Yes,62,Yes,DSL,Month-to-month,Yes,Electronic check,39.23,2472.69,Yes
CUST00741,Male,0,No,Yes,43,No,DSL,Month-to-month,Yes,Mailed check,124.54,5309.56,No
CUST00742,Male,0,No,Yes,44,Yes,DSL,Month-to-month,Yes,Credit card (automatic),118.9,5219.69,No
CUST00743,Male,0,No,No,17,Yes,No,One year,Yes,Electronic check,26.46,577.77,No
CUST00744,Female,0,Yes,No,70,Yes,DSL,One year,Yes,Electronic check,81.52,5681.81,No
CUST00745,Male,0,Yes,No,57,Yes,DSL,Month-to-month,Yes,Electronic check,63.46,3620.41,Yes
CUST00746,Female,0,Yes,No,63,Yes,No,Month-to-month,No,Credit card (automatic),22.6,1476.93,Yes
CUST00747,Male,0,Yes,No,71,Yes,No,Month-to-month,No,Electronic check,23.99,1720.51,Yes
CUST00748,Female,0,No,No,25,Yes,DSL,One year,Yes,Electronic check,55.73,1363.42,No
CUST00749,Female,1,No,No,10,Yes,No,Month-to-month,No,Bank transfer (automatic),41.01,350.63,Yes
CUST00750,Female,0,No,No,62,Yes,DSL,Month-to-month,Yes,Bank transfer (automatic),64.9,4022.99,Yes
CUST00751,Male,1,Yes,No,34,Yes,Fiber optic,Month-to-month,Yes,Bank transfer (automatic),52.69,1844.1,No
CUST00752,Female,0,Yes,No,69,Yes,DSL,One year,Yes,Credit card (automatic),103.02,7214.05,No
CUST00753,Female,1,No,No,50,Yes,Fiber optic,Month-to-month,Yes,Electronic check,56.59,2712.27,No
CUST00754,Male,0,Yes,No,18,Yes,DSL,Month-to-month,Yes,Bank transfer (automatic),74.39,1480.04,Yes
CUST00755,Male,0,Yes,No,25,Yes,Fiber optic,Month-to-month,No,Bank transfer (automatic),96.58,2391.43,No
CUST00756,Female,1,Yes,No,44,Yes,DSL,Month-to-month,Yes,Electronic check,104.0,4649.99,No
CUST00757,Male,0,Yes,No,28,Yes,Fiber optic,Month-to-month,Yes,Credit card (automatic),77.21,2102.88,No
CUST00758,Female,0,Yes,Yes,20,Yes,Fiber optic,Month-to-month,Yes,Bank transfer (automatic),81.61,1503.33,Yes
CUST00759,Female,0,No,Yes,15,No,DSL,One year,Yes,Electronic check,46.58,593.66,No
CUST00760,Male,0,Yes,No,47,No,No,Month-to-month,No,Electronic check,25.94,1192.7,Yes
CUST00761,Female,0,No,Yes,2,Yes,Fiber optic,Month-to-month,No,Electronic check,103.59,249.11,Yes
CUST00762,Male,0,No,No,6,Yes,DSL,Two year,No,Credit card (automatic),25.24,153.94,Yes
CUST00763,Male,0,No,Yes,3,Yes,DSL,Month-to-month,No,Electronic check,116.07,328.19,Yes
CUST00764,Male,0,Yes,No,53,Yes,DSL,Month-to-month,Yes,Credit card (automatic),54.48,2976.88,Yes
CUST00765,Female,0,Yes,Yes,2,Yes,DSL,Month-to-month,Yes,Electronic check,86.87,173.9,No
CUST00766,Male,0,Yes,No,30,Yes,Fiber optic,Month-to-month,No,Credit card (automatic),73.94,2240.58,Yes
CUST00767,Male,0,Yes,No,8,Yes,Fiber optic,Month-to-month,Yes,Credit card (automatic),70.49,812.8,Yes
CUST00768,Female,0,Yes,Yes,42,Yes,Fiber optic,Two year,Yes,Electronic check,66.84,2806.64,No
CUST00769,Female,0,No,Yes,2,Yes,Fiber optic,Month-to-month,Yes,Electronic check,47.19,38.71,No
CUST00770,Female,0,Yes,No,1,Yes,Fiber optic,One year,No,Credit card (automatic),85.1,123.58,No
CUST00771,Male,0,Yes,No,30,Yes,DSL,Two year,Yes,Electronic check,64.85,2004.23,No
CUST00772,Male,0,Yes,No,50,Yes,Fiber optic,Month-to-month,No,Electronic check,39.26,1987.08,Yes
CUST00773,Female,0,No,No,8,Yes,No,One year,Yes,Credit card (automatic),25.22,214.31,Yes
CUST00774,Male,0,No,No,36,Yes,DSL,Month-to-month,Yes,Credit card (automatic),39.69,1547.42,Yes
CUST00775,Male,0,No,Yes,59,Yes,Fiber optic,Month-to-month,Yes,Credit card (automatic),58.89,3583.09,Yes
CUST00776,Male,0,No,No,45,Yes,No,Two year,Yes,Credit card (automatic),19.09,849.68,No
CUST00777,Female,0,No,No,54,Yes,Fiber optic,Month-to-month,Yes,Bank transfer (automatic),54.22,2876.4,No
CUST00778,Female,0,No,Yes,23,Yes,No,Two year,No,Credit card (automatic),23.11,565.87,No
CUST00779,Female,0,Yes,No,68,Yes,DSL,One year,Yes,Mailed check,69.02,4641.42,No
CUST00780,Male,0,No,No,10,Yes,Fiber optic,Month-to-month,Yes,Credit card (automatic),64.76,718.41,Yes
CUST00781,Male,0,No,Yes,44,Yes,DSL,Month-to-month,Yes,Bank transfer (automatic),72.42,3220.4,No
CUST00782,Male,0,Yes,Yes,31,Yes,DSL,One year,Yes,Bank transfer (automatic),106.88,3526.88,No
CUST00783,Female,0,No,Yes,2,Yes,No,Month-to-month,No,Credit card (automatic),25.38,168.62,Yes
CUST00784,Female,0,No,Yes,68,Yes,DSL,Month-to-month,Yes,Mailed check,113.41,7625.58,Yes
CUST00785,Female,0,No,Yes,51,No,No,Month-to-month,No,Bank transfer (automatic),21.85,1072.85,No
CUST00786,Male,0,Yes,No,16,Yes,Fiber optic,Month-to-month,Yes,Bank transfer (automatic),71.46,990.24,No
CUST00787,Female,1,No,Yes,3,Yes,No,Two year,Yes,Electronic check,21.68,0.0,No
CUST00788,Male,0,No,No,49,Yes,No,Month-to-month,No,Electronic check,20.96,1036.15,Yes
CUST00789,Male,0,Yes,No,39,Yes,Fiber optic,Month-to-month,Yes,Credit card (automatic),79.14,2991.07,No
CUST00790,Female,0,Yes,No,3,Yes,No,One year,No,Mailed check,25.32,207.25,No
CUST00791,Female,0,Yes,No,71,No,Fiber optic,One year,Yes,Bank transfer (automatic),96.16,6919.99,No
CUST00792,Female,0,Yes,Yes,52,Yes,Fiber optic,Two year,Yes,Bank transfer (automatic),54.32,2802.92,No
CUST00793,Male,0,No,Yes,33,Yes,Fiber optic,Two year,No,Credit card (automatic),70.72,2307.5,No
CUST00794,Male,1,No,Yes,17,No,DSL,Month-to-month,Yes,Bank transfer (automatic),88.98,1631.49,Yes
CUST00795,Female,1,Yes,No,19,Yes,DSL,Month-to-month,No,Electronic check,98.2,2002.97,Yes
CUST00796,Female,0,Yes,No,32,Yes,DSL,One year,No,Mailed check,51.47,1572.43,No
CUST00797,Male,0,No,No,4,Yes,Fiber optic,Month-to-month,Yes,Bank transfer (automatic),90.83,278.43,Yes
CUST00798,Female,0,Yes,No,26,Yes,DSL,One year,Yes,Electronic check,47.45,1209.61,No
CUST00799,Female,0,No,No,15,No,Fiber optic,Month-to-month,No,Bank transfer (automatic),18.24,308.1,No
CUST00800,Female,0,Yes,Yes,8,Yes,Fiber optic,Two year,Yes,Electronic check,53.3,385.31,No
CUST00801,Female,1,Yes,No,9,Yes,Fiber optic,One year,No,Electronic check,92.87,872.01,No
CUST00802,Female,0,No,Yes,25,Yes,No,One year,Yes,Credit card (automatic),24.33,764.27,No
CUST00803,Male,0,Yes,No,27,Yes,No,Month-to-month,Yes,Credit card (automatic),20.42,438.86,Yes
CUST00804,Male,1,No,No,25,Yes,No,Two year,Yes,Bank transfer (automatic),25.17,593.6,No
CUST00805,Male,0,Yes,Yes,50,Yes,Fiber optic,One year,No,Electronic check,72.56,3517.04,No
CUST00806,Male,0,No,No,38,Yes,DSL,Two year,No,Credit card (automatic),87.55,3259.97,Yes
CUST00807,Male,1,No,No,14,Yes,No,Two year,No,Bank transfer (automatic),22.63,293.25,No
CUST00808,Female,0,No,Yes,70,Yes,DSL,Month-to-month,Yes,Credit card (automatic),69.44,4802.62,No
CUST00809,Female,0,Yes,No,53,Yes,DSL,Month-to-month,Yes,Electronic check,75.11,4022.43,Yes
CUST00810,Male,0,No,No,34,No,DSL,Month-to-month,Yes,Electronic check,37.87,1299.66,Yes
CUST00811,Female,1,No,Yes,3,Yes,Fiber optic,One year,Yes,Bank transfer (automatic),37.52,136.48,No
CUST00812,Male,0,Yes,Yes,66,Yes,Fiber optic,One year,Yes,Credit card (automatic),62.88,4125.54,Yes
CUST00813,Male,0,Yes,Yes,54,Yes,DSL,Month-to-month,Yes,Electronic check,72.21,3882.17,No
CUST00814,Female,0,No,Yes,33,Yes,Fiber optic,Two year,Yes,Electronic check,72.3,2357.84,No
CUST00815,Male,0,Yes,No,11,Yes,DSL,Month-to-month,Yes,Bank transfer (automatic),58.09,619.1,No
CUST00816,Male,1,No,No,7,Yes,DSL,One year,No,Credit card (automatic),57.07,433.01,No
CUST00817,Female,0,No,No,21,Yes,DSL,Month-to-month,Yes,Credit card (automatic),62.12,1150.64,No
CUST00818,Female,1,Yes,No,16,Yes,DSL,Month-to-month,No,Credit card (automatic),79.46,1294.4,No
CUST00819,Male,0,No,No,15,Yes,Fiber optic,Month-to-month,Yes,Bank transfer (automatic),103.12,1477.3,No
CUST00820,Male,0,No,No,29,Yes,DSL,One year,Yes,Credit card (automatic),18.0,494.89,No
CUST00821,Female,1,Yes,No,3,No,DSL,One year,No,Bank transfer (automatic),87.58,137.82,Yes
CUST00822,Male,0,No,Yes,23,Yes,DSL,Month-to-month,Yes,Electronic check,69.22,1563.37,Yes
CUST00823,Female,0,Yes,No,63,Yes,,Month-to-month,No,Bank transfer (automatic),85.14,5386.05,No
CUST00824,Male,1,Yes,No,63,Yes,No,One year,Yes,Bank transfer (automatic),27.94,1796.79,No
CUST00825,Male,0,No,No,0,Yes,Fiber optic,Month-to-month,Yes,Mailed check,53.12,0.0,Yes
CUST00826,Female,0,Yes,No,49,Yes,Fiber optic,One year,No,Electronic check,95.61,4717.6,No
CUST00827,Male,1,No,Yes,72,Yes,No,Month-to-month,Yes,Credit card (automatic),33.95,2535.58,Yes
CUST00828,Male,0,Yes,No,42,Yes,DSL,Two year,Yes,Credit card (automatic),75.19,3118.48,No
CUST00829,Male,0,No,Yes,28,Yes,DSL,One year,Yes,Mailed check,65.94,1846.39,No
CUST00830,Female,0,Yes,No,35,Yes,Fiber optic,Month-to-month,Yes,Credit card (automatic),73.16,2395.12,No
CUST00831,Female,0,No,No,15,Yes,DSL,Two year,Yes,Mailed check,47.27,637.29,No
CUST00832,Female,0,No,No,29,Yes,Fiber optic,Month-to-month,No,Electronic check,82.92,2426.32,No
CUST00833,Female,0,No,No,68,Yes,Fiber optic,Two year,Yes,Electronic check,111.66,7669.32,No
CUST00834,Female,0,No,Yes,44,Yes,DSL,One year,No,Mailed check,47.7,2050.86,Yes
CUST00835,Male,0,No,No,31,Yes,Fiber optic,Month-to-month,Yes,Electronic check,76.74,2592.49,Yes
CUST00836,Male,0,No,No,9,Yes,Fiber optic,One year,Yes,Bank transfer (automatic),93.4,865.71,Yes
CUST00837,Male,0,No,No,66,Yes,DSL,Month-to-month,Yes,Credit card (automatic),64.58,4160.41,No
CUST00838,Female,0,No,Yes,11,Yes,No,Two year,No,Bank transfer (automatic),19.28,315.05,No
CUST00839,Female,0,No,Yes,52,Yes,Fiber optic,Two year,No,Credit card (automatic),61.26,3085.28,No
CUST00840,Male,0,No,No,22,Yes,DSL,One year,Yes,Credit card (automatic),69.09,1546.25,No
CUST00841,Female,0,Yes,No,20,Yes,DSL,Month-to-month,Yes,Mailed check,47.17,869.06,Yes
CUST00842,Male,1,No,No,12,Yes,DSL,One year,No,Electronic check,75.16,793.33,No
CUST00843,Male,0,No,No,27,Yes,DSL,Month-to-month,Yes,Electronic check,72.08,2023.13,Yes
CUST00844,Female,0,Yes,No,49,Yes,DSL,Month-to-month,Yes,Bank transfer (automatic),87.9,4286.32,Yes
CUST00845,Female,1,Yes,No,30,Yes,DSL,Two year,No,Mailed check,56.09,1820.75,No
CUST00846,Female,0,No,Yes,1,No,No,Month-to-month,Yes,Bank transfer (automatic),30.37,0.0,Yes
CUST00847,Female,0,Yes,No,19,Yes,Fiber optic,Month-to-month,No,Bank transfer (automatic),83.56,1462.87,Yes
CUST00848,Female,0,Yes,No,11,Yes,Fiber optic,Month-to-month,No,Bank transfer (automatic),106.93,1137.86,Yes
CUST00849,Male,0,Yes,Yes,29,Yes,Fiber optic,Two year,Yes,Electronic check,87.73,2775.41,No
CUST00850,Male,0,Yes,Yes,65,Yes,Fiber optic,Two year,Yes,Electronic check,118.19,7749.06,Yes
CUST00851,Male,0,No,No,70,Yes,Fiber optic,Month-to-month,Yes,Mailed check,85.88,6055.91,No
CUST00852,Male,0,No,Yes,72,Yes,No,Month-to-month,No,Credit card (automatic),34.55,2534.56,Yes
CUST00853,Male,0,No,No,8,Yes,Fiber optic,Two year,Yes,Bank transfer (automatic),88.98,673.05,No
CUST00854,Female,1,No,Yes,35,Yes,Fiber optic,Month-to-month,Yes,Bank transfer (automatic),109.2,4040.35,Yes
CUST00855,Female,0,No,Yes,3,Yes,Fiber optic,Two year,Yes,Bank transfer (automatic),102.94,345.47,No
CUST00856,Male,0,Yes,Yes,36,Yes,Fiber optic,Two year,Yes,Bank transfer (automatic),44.88,1644.83,No
CUST00857,Female,0,No,No,42,Yes,DSL,One year,Yes,Electronic check,92.01,3943.21,No
CUST00858,Female,1,Yes,No,56,Yes,DSL,Month-to-month,Yes,Electronic check,78.63,4301.42,Yes
CUST00859,Male,0,Yes,No,24,Yes,Fiber optic,One year,Yes,Electronic check,67.15,1541.25,No
CUST00860,Male,0,No,Yes,2,Yes,DSL,Two year,Yes,Electronic check,27.68,35.72,No
CUST00861,Male,0,No,No,33,Yes,DSL,Month-to-month,No,Electronic check,33.5,1184.81,Yes
CUST00862,Male,0,Yes,No,31,Yes,DSL,Two year,No,Credit card (automatic),62.89,1845.75,No
CUST00863,Female,0,No,No,45,Yes,DSL,Month-to-month,Yes,Electronic check,35.39,1587.16,Yes
CUST00864,Male,0,Yes,No,7,Yes,No,Two year,Yes,Electronic check,25.82,164.03,No
CUST00865,Male,0,Yes,No,44,Yes,Fiber optic,One year,Yes,Electronic check,89.86,3827.89,No
CUST00866,Male,1,Yes,No,29,Yes,DSL,Month-to-month,Yes,Electronic check,57.48,1626.21,No
CUST00867,Male,0,Yes,No,53,Yes,Fiber optic,Month-to-month,No,Electronic check,74.09,3970.15,No
CUST00868,Male,0,No,No,71,Yes,DSL,Month-to-month,Yes,Electronic check,45.25,3094.09,No
CUST00869,Female,0,Yes,Yes,16,Yes,Fiber optic,Month-to-month,Yes,Electronic check,79.47,1384.43,No
CUST00870,Female,0,No,No,55,No,Fiber optic,Two year,Yes,Credit card (automatic),84.7,4695.94,No
CUST00871,Female,0,Yes,No,9,Yes,DSL,Month-to-month,No,Electronic check,36.43,355.55,Yes
CUST00872,Female,0,No,Yes,71,Yes,Fiber optic,Two year,Yes,Electronic check,53.2,3777.86,No
CUST00873,Female,0,No,No,35,Yes,DSL,Month-to-month,No,Mailed check,40.32,1323.81,No
CUST00874,Female,0,No,No,54,Yes,Fiber optic,One year,Yes,Electronic check,84.73,4523.44,No
CUST00875,Male,0,Yes,Yes,56,No,No,Two year,Yes,Bank transfer (automatic),27.21,1552.71,No
CUST00876,Male,0,No,No,44,Yes,No,One year,Yes,Mailed check,25.36,1063.71,No
CUST00877,Male,0,No,No,28,Yes,DSL,Two year,No,Credit card (automatic),68.79,1941.22,No
CUST00878,Male,0,Yes,No,55,Yes,Fiber optic,Two year,Yes,Credit card (automatic),80.07,4331.94,No
CUST00879,Male,0,Yes,No,34,Yes,Fiber optic,One year,No,Bank transfer (automatic),80.57,2775.49,Yes
CUST00880,Male,0,Yes,No,48,Yes,No,One year,No,Electronic check,24.73,1229.13,Yes
CUST00881,Female,0,Yes,No,44,Yes,DSL,Month-to-month,Yes,Mailed check,56.11,2338.62,No
CUST00882,Male,0,Yes,No,33,Yes,Fiber optic,Month-to-month,Yes,Electronic check,70.53,2332.87,Yes
CUST00883,Female,1,Yes,Yes,8,Yes,DSL,Month-to-month,Yes,,67.26,416.35,Yes
CUST00884,Female,1,Yes,No,21,Yes,DSL,Two year,No,Electronic check,123.52,2445.04,No
CUST00885,Male,0,No,No,68,Yes,Fiber optic,One year,No,Bank transfer (automatic),62.4,4195.69,No
CUST00886,Male,0,Yes,No,37,Yes,Fiber optic,One year,Yes,Electronic check,79.24,3155.63,Yes
CUST00887,Female,0,Yes,Yes,46,Yes,DSL,Two year,No,Mailed check,83.65,3909.93,No
CUST00888,Female,0,No,Yes,18,Yes,No,Month-to-month,Yes,Electronic check,34.68,735.61,No
CUST00889,Female,0,Yes,No,51,Yes,Fiber optic,Two year,No,Mailed check,51.72,2686.39,No
CUST00890,Female,1,Yes,Yes,35,Yes,No,Month-to-month,No,Bank transfer (automatic),34.05,1208.19,No
CUST00891,Female,1,Yes,No,15,Yes,Fiber optic,Month-to-month,Yes,Bank transfer (automatic),68.32,1096.43,Yes
CUST00892,Male,0,Yes,No,10,Yes,No,One year,Yes,Electronic check,36.09,309.73,No
CUST00893,Male,0,Yes,No,28,Yes,Fiber optic,Month-to-month,Yes,Electronic check,81.07,2307.6,No
CUST00894,Male,0,Yes,Yes,41,Yes,DSL,One year,No,Credit card (automatic),41.28,1786.65,No
CUST00895,Male,0,Yes,No,20,Yes,DSL,One year,Yes,Mailed check,67.07,1397.35,Yes
CUST00896,Male,1,No,No,17,No,No,Two year,No,Bank transfer (automatic),22.83,487.53,No
CUST00897,Male,0,No,No,19,Yes,DSL,Month-to-month,Yes,Mailed check,74.04,1421.37,No
CUST00898,Female,1,Yes,No,21,Yes,Fiber optic,Month-to-month,Yes,Bank transfer (automatic),70.51,1616.08,No
CUST00899,Female,0,Yes,No,53,Yes,Fiber optic,Month-to-month,No,Bank transfer (automatic),89.97,4751.75,No
CUST00900,Male,0,Yes,No,36,Yes,DSL,Month-to-month,Yes,Electronic check,63.38,2451.1,No
CUST00901,Female,0,No,No,34,Yes,DSL,Month-to-month,No,Bank transfer (automatic),66.73,2314.71,No
CUST00902,Female,0,No,No,11,Yes,Fiber optic,Month-to-month,Yes,Bank transfer (automatic),48.38,501.46,Yes
CUST00903,Female,0,Yes,No,39,Yes,Fiber optic,Two year,Yes,Electronic check,115.22,4399.25,Yes
CUST00904,Male,0,Yes,No,70,Yes,Fiber optic,Two year,Yes,Bank transfer (automatic),41.43,2835.46,No
CUST00905,Female,0,Yes,No,54,Yes,DSL,Two year,Yes,Electronic check,76.24,4040.21,No
CUST00906,Male,1,No,No,32,Yes,Fiber optic,Month-to-month,No,Electronic check,84.0,2680.9,Yes
CUST00907,Female,0,No,No,22,Yes,DSL,One year,Yes,Credit card (automatic),71.66,1474.6,No
CUST00908,Female,0,Yes,No,25,Yes,Fiber optic,Month-to-month,Yes,Credit card (automatic),40.65,1119.67,No
CUST00909,Female,0,No,Yes,1,Yes,DSL,Month-to-month,Yes,Electronic check,47.03,55.89,Yes
CUST00910,Female,0,Yes,Yes,2,No,DSL,Month-to-month,No,Bank transfer (automatic),85.06,175.73,No
CUST00911,Male,0,No,No,56,Yes,Fiber optic,Two year,No,Electronic check,52.5,2846.77,No
CUST00912,Female,0,No,No,61,Yes,DSL,One year,No,Bank transfer (automatic),20.2,1170.68,No
CUST00913,Female,0,Yes,No,70,Yes,Fiber optic,Month-to-month,No,Mailed check,81.67,5539.27,Yes
CUST00914,Male,0,Yes,No,45,Yes,DSL,One year,Yes,Credit card (automatic),50.19,2387.97,No
CUST00915,Male,1,No,No,67,No,DSL,Two year,Yes,Mailed check,87.78,5767.84,No
CUST00916,Female,0,Yes,No,30,No,DSL,Month-to-month,Yes,Mailed check,66.96,1901.45,No
CUST00917,Male,1,No,No,18,Yes,No,Two year,Yes,Credit card (automatic),25.5,572.05,Yes
CUST00918,Male,0,Yes,Yes,17,Yes,Fiber optic,Month-to-month,No,Electronic check,73.31,1277.28,No
CUST00919,Female,0,No,No,17,Yes,DSL,Month-to-month,No,Electronic check,43.54,749.84,No
CUST00920,Male,0,Yes,Yes,54,Yes,Fiber optic,Two year,Yes,Mailed check,51.36,2800.66,No
CUST00921,Male,0,Yes,No,0,Yes,Fiber optic,Month-to-month,No,Bank transfer (automatic),65.5,76.31,Yes
CUST00922,Male,0,Yes,No,69,Yes,Fiber optic,One year,Yes,Electronic check,43.39,3001.9,No
CUST00923,Female,0,Yes,No,56,Yes,No,Month-to-month,No,Bank transfer (automatic),19.05,943.32,Yes
CUST00924,Female,0,Yes,No,27,Yes,Fiber optic,One year,Yes,Mailed check,64.32,1795.3,No
CUST00925,Female,0,No,No,51,Yes,Fiber optic,One year,No,Bank transfer (automatic),35.76,1857.55,No
CUST00926,Male,0,Yes,Yes,9,Yes,Fiber optic,Two year,Yes,Credit card (automatic),58.02,615.9,No
CUST00927,Male,0,Yes,Yes,31,Yes,No,Two year,No,Mailed check,21.32,560.99,No
CUST00928,Female,0,Yes,No,7,No,Fiber optic,One year,No,Bank transfer (automatic),60.85,367.6,Yes
CUST00929,Female,0,Yes,No,8,Yes,DSL,Month-to-month,Yes,Mailed check,82.0,687.37,No
CUST00930,Male,1,No,No,0,Yes,No,Month-to-month,Yes,Electronic check,18.0,0.0,Yes
CUST00931,Male,0,No,Yes,58,Yes,No,One year,No,Credit card (automatic),25.41,1285.55,No
CUST00932,Male,1,Yes,No,54,Yes,Fiber optic,Month-to-month,Yes,Credit card (automatic),100.77,5457.37,Yes
CUST00933,Female,0,No,No,65,Yes,Fiber optic,Month-to-month,Yes,Credit card (automatic),31.09,2092.45,No
CUST00934,Male,0,No,No,71,Yes,Fiber optic,Two year,Yes,Credit card (automatic),62.99,4461.98,No
CUST00935,Female,0,No,Yes,70,Yes,Fiber optic,Month-to-month,No,Mailed check,65.33,4616.95,Yes
CUST00936,Male,0,Yes,No,72,Yes,Fiber optic,Month-to-month,No,Bank transfer (automatic),86.38,6251.63,No
CUST00937,Female,0,Yes,Yes,1,Yes,DSL,Two year,Yes,Electronic check,48.66,49.5,No
CUST00938,Female,0,Yes,No,57,Yes,DSL,One year,No,Credit card (automatic),58.72,3357.92,No
CUST00939,Female,0,No,Yes,52,Yes,DSL,One year,Yes,Bank transfer (automatic),40.89,2234.21,Yes
CUST00940,Male,1,No,No,11,No,DSL,Month-to-month,Yes,Electronic check,56.94,549.2,Yes
CUST00941,Male,0,Yes,No,9,Yes,Fiber optic,Month-to-month,No,Credit card (automatic),57.88,,Yes
CUST00942,Female,0,Yes,Yes,71,No,DSL,One year,Yes,Bank transfer (automatic),64.17,4461.6,No
CUST00943,Male,0,No,No,64,Yes,Fiber optic,Month-to-month,Yes,Credit card (automatic),42.34,2646.18,No
CUST00944,Female,0,No,No,23,Yes,Fiber optic,One year,Yes,Credit card (automatic),96.55,2316.32,No
CUST00945,Female,0,Yes,No,5,No,Fiber optic,Month-to-month,No,Credit card (automatic),83.81,322.26,Yes
CUST00946,Female,0,No,No,24,No,DSL,Month-to-month,Yes,Bank transfer (automatic),35.78,839.39,Yes
CUST00947,Male,0,Yes,Yes,0,No,No,Month-to-month,Yes,Bank transfer (automatic),18.0,188.91,No
CUST00948,Female,0,Yes,No,50,Yes,DSL,Month-to-month,Yes,Bank transfer (automatic),32.87,1725.54,No
CUST00949,Male,0,No,No,27,Yes,No,Month-to-month,Yes,Electronic check,22.62,551.77,No
CUST00950,Female,0,No,No,3,Yes,DSL,One year,Yes,Electronic check,112.35,291.78,Yes
CUST00951,Female,0,No,No,71,Yes,Fiber optic,One year,Yes,Credit card (automatic),70.61,4999.7,No
CUST00952,Female,1,Yes,No,60,No,Fiber optic,Month-to-month,No,Credit card (automatic),50.68,3145.76,Yes
CUST00953,Male,1,Yes,Yes,66,Yes,Fiber optic,One year,No,Credit card (automatic),55.39,3575.61,No
CUST00954,Female,0,Yes,No,72,Yes,Fiber optic,Month-to-month,No,Electronic check,60.66,4282.55,No
CUST00955,Male,0,Yes,No,1,No,DSL,Month-to-month,No,Electronic check,69.33,126.4,Yes
CUST00956,Male,0,Yes,No,56,No,Fiber optic,Two year,No,Credit card (automatic),106.26,5816.07,No
CUST00957,Female,0,Yes,No,57,No,DSL,One year,No,Electronic check,95.89,5392.84,No
CUST00958,Male,0,Yes,Yes,57,Yes,Fiber optic,One year,Yes,Mailed check,96.28,5481.15,No
CUST00959,Male,0,Yes,Yes,19,Yes,Fiber optic,Month-to-month,No,Mailed check,76.26,1446.23,No
CUST00960,Female,0,Yes,No,28,No,Fiber optic,Month-to-month,Yes,Credit card (automatic),43.16,1099.31,No
CUST00961,Female,1,No,No,67,Yes,DSL,One year,Yes,Bank transfer (automatic),52.75,3562.55,No
CUST00962,Female,0,Yes,No,4,Yes,Fiber optic,One year,Yes,Electronic check,73.52,338.38,No
CUST00963,Male,1,No,No,46,No,Fiber optic,One year,Yes,Bank transfer (automatic),41.97,1877.62,Yes
CUST00964,Female,0,No,No,57,Yes,DSL,Two year,Yes,Electronic check,79.6,4670.06,No
CUST00965,Male,1,No,No,58,Yes,Fiber optic,Month-to-month,No,Bank transfer (automatic),92.13,5370.71,Yes
CUST00966,Male,0,Yes,Yes,43,Yes,DSL,Two year,Yes,Bank transfer (automatic),85.63,3601.7,No
CUST00967,Male,0,Yes,No,55,Yes,DSL,Month-to-month,Yes,Bank transfer (automatic),84.63,4784.31,No
CUST00968,Female,1,No,No,66,No,Fiber optic,Month-to-month,Yes,Mailed check,25.34,1630.57,Yes
CUST00969,Male,1,No,Yes,55,Yes,DSL,Month-to-month,No,Electronic check,105.33,5807.46,Yes
CUST00970,Female,0,Yes,Yes,8,Yes,DSL,One year,Yes,Electronic check,32.82,223.62,Yes
CUST00971,Female,0,Yes,Yes,17,Yes,Fiber optic,Month-to-month,Yes,Credit card (automatic),68.18,1208.99,No
CUST00972,Female,0,No,Yes,22,Yes,Fiber optic,One year,No,Mailed check,87.46,1885.6,No
CUST00973,Female,0,Yes,No,25,No,DSL,One year,No,Mailed check,80.96,1990.33,No
CUST00974,Female,0,No,Yes,26,Yes,DSL,Month-to-month,Yes,Mailed check,40.05,1028.5,Yes
CUST00975,Female,1,Yes,No,16,Yes,Fiber optic,Month-to-month,No,Credit card (automatic),44.54,672.48,Yes
CUST00976,Female,0,Yes,Yes,49,Yes,Fiber optic,One year,Yes,Credit card (automatic),79.18,3965.57,Yes
CUST00977,Female,0,No,Yes,8,Yes,Fiber optic,Month-to-month,No,Electronic check,84.77,577.54,Yes
CUST00978,Male,0,Yes,No,57,Yes,Fiber optic,Two year,Yes,Bank transfer (automatic),44.32,2523.27,No
CUST00979,Female,0,No,Yes,48,Yes,Fiber optic,Month-to-month,No,Mailed check,81.81,3934.04,No
CUST00980,Male,0,Yes,No,70,Yes,No,Two year,Yes,Credit card (automatic),28.47,1982.93,No
CUST00981,Male,0,Yes,No,0,Yes,Fiber optic,Month-to-month,No,Credit card (automatic),87.61,77.46,No
CUST00982,Male,0,No,Yes,21,Yes,DSL,Month-to-month,Yes,Bank transfer (automatic),49.9,927.58,Yes
CUST00983,Male,0,Yes,Yes,65,Yes,DSL,One year,Yes,Credit card (automatic),74.01,4856.08,No
CUST00984,Male,1,Yes,No,36,Yes,DSL,Month-to-month,No,Bank transfer (automatic),69.82,2413.92,Yes
CUST00985,Male,0,No,No,40,Yes,Fiber optic,Month-to-month,No,Mailed check,101.02,4000.1,Yes
CUST00986,Male,1,No,No,2,Yes,No,Month-to-month,Yes,Bank transfer (automatic),29.28,0.0,Yes
CUST00987,Male,0,No,No,55,Yes,Fiber optic,One year,No,Bank transfer (automatic),57.02,3109.53,Yes
CUST00988,Female,0,Yes,No,18,No,DSL,One year,Yes,Electronic check,80.99,1411.56,No
CUST00989,Female,0,Yes,No,70,Yes,Fiber optic,Month-to-month,Yes,Bank transfer (automatic),125.0,8881.06,Yes
CUST00990,Male,0,No,No,27,Yes,No,Month-to-month,Yes,Electronic check,26.41,732.38,Yes
CUST00991,Female,0,Yes,No,13,Yes,DSL,Month-to-month,Yes,Electronic check,70.52,951.94,No
CUST00992,Male,0,Yes,Yes,43,Yes,Fiber optic,Two year,No,Credit card (automatic),51.16,2111.28,No
CUST00993,Female,0,No,No,34,Yes,Fiber optic,Month-to-month,Yes,Electronic check,56.59,1983.27,Yes
CUST00994,Female,0,Yes,No,34,Yes,Fiber optic,One year,No,Credit card (automatic),89.0,3157.06,No
CUST00995,Male,0,Yes,No,69,Yes,Fiber optic,Month-to-month,Yes,Mailed check,49.85,3509.24,Yes
CUST00996,Male,0,Yes,No,26,Yes,Fiber optic,One year,No,Bank transfer (automatic),72.07,1768.86,No
CUST00997,Male,0,Yes,No,29,Yes,DSL,Two year,Yes,Credit card (automatic),107.94,3093.13,Yes
CUST00998,Female,0,No,Yes,45,Yes,Fiber optic,Month-to-month,No,Credit card (automatic),75.76,3417.88,Yes
CUST00999,Male,0,No,No,12,Yes,DSL,One year,No,Credit card (automatic),45.02,494.07,No
CUST01000,Male,0,Yes,No,60,No,Fiber optic,Month-to-month,Yes,Electronic check,125.0,7702.64,No
CUST01001,Male,0,Yes,No,16,Yes,Fiber optic,One year,Yes,Mailed check,116.06,1818.38,No
CUST01002,Male,0,No,No,17,Yes,DSL,Month-to-month,No,Bank transfer (automatic),84.53,1433.54,Yes
CUST01003,Male,0,Yes,No,0,Yes,Fiber optic,Month-to-month,No,Credit card (automatic),103.89,0.0,Yes
CUST01004,Male,0,No,No,25,No,DSL,Month-to-month,Yes,Credit card (automatic),65.33,1651.78,No
CUST01005,Female,1,No,No,42,Yes,DSL,Month-to-month,No,Bank transfer (automatic),90.11,3895.21,Yes
CUST01006,Male,0,No,Yes,51,Yes,Fiber optic,Two year,No,Electronic check,61.41,3141.1,No
CUST01007,Male,1,Yes,No,65,Yes,DSL,One year,No,Electronic check,38.11,2459.63,Yes
CUST01008,Male,0,No,No,56,Yes,Fiber optic,Month-to-month,Yes,Credit card (automatic),125.0,6914.09,Yes
CUST01009,Male,0,Yes,No,23,Yes,DSL,Month-to-month,Yes,Bank transfer (automatic),36.84,944.03,Yes
CUST01010,Male,0,No,Yes,60,Yes,Fiber optic,One year,No,Bank transfer (automatic),79.44,4754.9,Yes
CUST01011,Female,0,No,No,14,Yes,Fiber optic,Month-to-month,Yes,Bank transfer (automatic),79.15,1093.16,Yes
CUST01012,Male,1,No,No,15,Yes,Fiber optic,Month-to-month,Yes,Credit card (automatic),84.9,1086.39,Yes
CUST01013,Female,0,No,No,26,Yes,Fiber optic,One year,No,Credit card (automatic),69.76,1803.58,No
CUST01014,Female,0,No,Yes,39,Yes,Fiber optic,Month-to-month,Yes,Electronic check,70.02,2698.69,Yes
CUST01015,Male,0,Yes,No,14,No,DSL,Month-to-month,Yes,Credit card (automatic),75.46,910.36,Yes
CUST01016,Male,0,Yes,Yes,65,Yes,No,Month-to-month,No,Electronic check,21.92,1503.97,Yes
CUST01017,Female,0,No,No,19,Yes,Fiber optic,Month-to-month,No,Mailed check,71.95,1324.23,Yes
CUST01018,Female,0,No,No,28,Yes,DSL,One year,No,Credit card (automatic),70.29,2119.77,Yes
CUST01019,Female,0,Yes,No,44,Yes,Fiber optic,One year,No,Electronic check,38.97,1827.84,Yes
CUST01020,Female,1,No,No,31,Yes,Fiber optic,Two year,Yes,Electronic check,122.34,3734.95,Yes
CUST01021,Female,0,No,No,29,Yes,Fiber optic,Month-to-month,Yes,Bank transfer (automatic),85.39,2585.86,Yes
CUST01022,Female,0,Yes,No,71,No,Fiber optic,One year,Yes,Credit card (automatic),77.22,5611.46,Yes
CUST01023,Male,0,Yes,Yes,31,No,Fiber optic,Two year,No,Electronic check,56.39,1703.37,No
CUST01024,Male,1,Yes,Yes,8,Yes,DSL,One year,Yes,Bank transfer (automatic),46.91,292.67,No
CUST01025,Male,1,Yes,No,53,Yes,DSL,Two year,Yes,Bank transfer (automatic),93.5,4783.07,No
CUST01026,Female,0,Yes,No,51,Yes,DSL,Two year,Yes,Mailed check,68.0,3498.44,No
CUST01027,Female,0,Yes,No,15,Yes,Fiber optic,Two year,Yes,Bank transfer (automatic),87.53,1235.08,No
CUST01028,Female,0,Yes,No,62,Yes,DSL,Two year,Yes,Bank transfer (automatic),38.2,2401.24,No
CUST01029,Male,1,Yes,No,28,Yes,Fiber optic,One year,No,Credit card (automatic),110.67,3053.33,No
CUST01030,Female,0,No,No,11,No,Fiber optic,Month-to-month,Yes,Bank transfer (automatic),94.53,977.45,Yes
CUST01031,Female,0,Yes,No,12,Yes,Fiber optic,Two year,No,Credit card (automatic),69.97,794.72,Yes
CUST01032,Female,0,No,Yes,52,Yes,DSL,Two year,No,Credit card (automatic),83.69,4247.89,No
CUST01033,Male,0,No,Yes,15,No,DSL,Month-to-month,Yes,Electronic check,90.53,1312.99,Yes
CUST01034,Female,0,No,Yes,34,Yes,No,Month-to-month,No,Credit card (automatic),27.08,861.79,Yes
CUST01035,Female,0,No,No,53,Yes,Fiber optic,Month-to-month,Yes,Bank transfer (automatic),113.95,6038.22,No
CUST01036,Male,0,No,No,62,No,Fiber optic,Two year,Yes,Electronic check,84.08,5221.3,No
CUST01037,Male,1,Yes,No,35,Yes,Fiber optic,Month-to-month,Yes,Bank transfer (automatic),54.4,1818.31,No
CUST01038,Female,0,No,Yes,66,Yes,No,Month-to-month,No,Bank transfer (automatic),22.8,1592.86,Yes
CUST01039,Female,0,Yes,No,22,Yes,DSL,Month-to-month,No,Electronic check,96.68,2114.19,Yes
CUST01040,Male,0,No,Yes,63,Yes,No,Month-to-month,Yes,Mailed check,19.63,1356.89,Yes
CUST01041,Male,1,No,No,18,No,DSL,Two year,No,Bank transfer (automatic),84.07,1532.55,No
CUST01042,Male,0,Yes,Yes,4,Yes,No,Month-to-month,No,Mailed check,28.16,118.17,Yes
CUST01043,Female,0,Yes,No,52,Yes,DSL,Month-to-month,No,Credit card (automatic),46.93,2401.08,No
CUST01044,Female,0,No,Yes,55,Yes,DSL,Month-to-month,Yes,Electronic check,84.72,4708.79,No
CUST01045,Male,0,Yes,No,67,Yes,DSL,Two year,No,Credit card (automatic),67.06,4495.71,No
CUST01046,Female,0,Yes,No,67,Yes,Fiber optic,One year,No,Credit card (automatic),71.46,4856.5,Yes
CUST01047,Female,0,Yes,No,7,Yes,No,Month-to-month,Yes,Mailed check,31.95,352.02,Yes
CUST01048,Male,0,Yes,Yes,45,Yes,DSL,Month-to-month,No,Bank transfer (automatic),93.73,4159.7,No
CUST01049,Male,0,No,No,51,Yes,DSL,Two year,Yes,Electronic check,95.17,4902.75,No
CUST01050,Female,0,No,No,43,Yes,DSL,One year,No,,125.0,5421.81,No
CUST01051,Male,1,Yes,No,1,Yes,DSL,One year,No,Bank transfer (automatic),81.61,118.26,No
CUST01052,Female,0,Yes,No,3,Yes,Fiber optic,Month-to-month,Yes,Electronic check,74.99,190.31,Yes
CUST01053,Male,0,Yes,No,48,Yes,DSL,Two year,Yes,Credit card (automatic),55.02,2607.92,Yes
CUST01054,Male,0,Yes,No,62,Yes,No,One year,No,Bank transfer (automatic),25.68,1545.45,No
CUST01055,Female,0,No,No,13,Yes,No,Month-to-month,No,Electronic check,27.08,303.74,Yes
CUST01056,Male,0,No,No,3,Yes,DSL,Two year,No,Mailed check,91.76,208.07,No
CUST01057,Female,0,Yes,Yes,29,Yes,Fiber optic,Two year,No,Credit card (automatic),40.33,1161.21,No
CUST01058,Male,0,No,No,22,Yes,No,One year,Yes,Electronic check,25.19,493.55,No
CUST01059,Female,0,Yes,Yes,71,No,No,One year,Yes,Bank transfer (automatic),30.61,2208.16,No
CUST01060,Female,1,No,No,67,Yes,Fiber optic,Month-to-month,No,Electronic check,75.2,5042.96,No
CUST01061,Male,1,No,No,40,Yes,DSL,Month-to-month,Yes,Credit card (automatic),70.94,2851.13,Yes
CUST01062,Male,0,No,Yes,69,Yes,DSL,Month-to-month,No,Mailed check,106.65,7336.97,No
CUST01063,Female,0,No,No,16,Yes,Fiber optic,One year,Yes,Mailed check,102.24,1641.35,No
CUST01064,Male,0,No,No,72,Yes,Fiber optic,Month-to-month,Yes,Bank transfer (automatic),71.28,5112.37,No
CUST01065,Male,0,Yes,No,32,Yes,Fiber optic,Month-to-month,No,Mailed check,49.52,1647.0,Yes
CUST01066,Female,0,Yes,Yes,34,Yes,Fiber optic,Two year,No,Bank transfer (automatic),95.1,3198.01,No
CUST01067,Male,0,Yes,No,3,Yes,Fiber optic,Month-to-month,No,Electronic check,47.64,172.96,Yes
CUST01068,Male,0,No,No,12,Yes,DSL,Two year,Yes,Electronic check,33.13,293.05,Yes
CUST01069,Female,0,No,No,14,Yes,Fiber optic,Month-to-month,No,Electronic check,84.46,1239.41,No
CUST01070,Female,1,No,No,35,Yes,No,Month-to-month,Yes,Bank transfer (automatic),18.49,602.41,No
CUST01071,Male,0,No,Yes,13,No,DSL,Month-to-month,No,Credit card (automatic),61.87,731.33,Yes
CUST01072,Female,0,Yes,Yes,7,Yes,DSL,Month-to-month,No,Electronic check,82.11,483.67,Yes
CUST01073,Male,0,No,No,44,Yes,No,Month-to-month,Yes,Credit card (automatic),22.68,900.49,Yes
CUST01074,Male,0,No,No,63,Yes,Fiber optic,Month-to-month,No,Credit card (automatic),90.05,5634.63,Yes
CUST01075,Female,0,Yes,No,5,No,Fiber optic,One year,Yes,Electronic check,99.38,616.79,Yes
CUST01076,Female,1,Yes,No,40,Yes,Fiber optic,Month-to-month,Yes,Electronic check,65.43,2565.73,Yes
CUST01077,Male,0,Yes,No,70,Yes,Fiber optic,Month-to-month,No,Mailed check,46.31,3064.97,No
CUST01078,Female,0,Yes,No,29,Yes,No,Month-to-month,Yes,Electronic check,29.81,893.73,No
CUST01079,Female,0,No,Yes,13,Yes,No,Month-to-month,No,Bank transfer (automatic),29.19,290.33,No
CUST01080,Male,0,No,No,5,Yes,DSL,Month-to-month,Yes,Bank transfer (automatic),43.59,283.13,Yes
CUST01081,Male,0,No,Yes,68,Yes,Fiber optic,Month-to-month,Yes,Mailed check,81.3,5494.71,No
CUST01082,Male,0,Yes,No,29,Yes,DSL,One year,No,Bank transfer (automatic),91.44,2629.84,No
CUST01083,Male,0,No,No,7,Yes,Fiber optic,One year,Yes,Electronic check,59.47,512.07,Yes
CUST01084,Male,0,No,No,63,Yes,Fiber optic,Two year,No,Credit card (automatic),67.84,4323.34,No
CUST01085,Female,0,Yes,No,58,Yes,Fiber optic,One year,Yes,Bank transfer (automatic),96.98,5525.13,No
CUST01086,Male,0,No,No,51,No,No,Month-to-month,Yes,Mailed check,27.92,1335.98,No
CUST01087,Male,1,Yes,No,6,Yes,Fiber optic,Month-to-month,Yes,Bank transfer (automatic),49.26,152.88,Yes
CUST01088,Male,0,Yes,No,6,Yes,Fiber optic,Month-to-month,Yes,Electronic check,66.14,605.1,No
CUST01089,Male,0,Yes,Yes,15,Yes,Fiber optic,One year,Yes,Credit card (automatic),103.95,1490.23,No
CUST01090,Female,0,Yes,No,11,Yes,Fiber optic,Month-to-month,Yes,Mailed check,112.27,1328.56,Yes
CUST01091,Male,0,No,No,38,Yes,DSL,Month-to-month,Yes,Credit card (automatic),69.53,2599.56,Yes
CUST01092,Female,0,Yes,Yes,28,Yes,Fiber optic,Two year,Yes,Credit card (automatic),54.2,1431.21,No
CUST01093,Male,0,Yes,No,55,Yes,Fiber optic,Month-to-month,Yes,Bank transfer (automatic),98.6,5424.72,Yes
CUST01094,Female,0,Yes,Yes,7,Yes,DSL,Month-to-month,Yes,Bank transfer (automatic),30.27,185.76,Yes
CUST01095,Female,0,Yes,No,53,Yes,Fiber optic,Two year,Yes,Bank transfer (automatic),78.19,4208.22,No
CUST01096,Female,0,Yes,No,68,Yes,Fiber optic,Month-to-month,Yes,Electronic check,70.9,4886.35,No
CUST01097,Male,1,Yes,No,9,Yes,DSL,Month-to-month,Yes,Credit card (automatic),104.35,891.94,No
CUST01098,Male,0,No,No,47,Yes,Fiber optic,Month-to-month,Yes,Mailed check,106.88,4908.16,No
CUST01099,Female,0,Yes,Yes,37,Yes,Fiber optic,Month-to-month,Yes,Credit card (automatic),48.44,1696.51,No
CUST01100,Female,0,No,Yes,6,Yes,Fiber optic,Two year,Yes,Bank transfer (automatic),76.19,274.54,No
CUST01101,Female,0,Yes,Yes,21,Yes,Fiber optic,One year,No,Electronic check,57.73,1190.37,No
CUST01102,Female,1,No,Yes,57,Yes,DSL,Month-to-month,Yes,Mailed check,64.67,3685.25,No
CUST01103,Male,0,No,No,63,Yes,Fiber optic,Month-to-month,Yes,Electronic check,87.43,5416.66,Yes
CUST01104,Female,0,Yes,No,26,Yes,DSL,Month-to-month,No,Electronic check,63.63,1553.29,Yes
CUST01105,Female,0,Yes,No,7,Yes,DSL,One year,Yes,Bank transfer (automatic),76.85,536.66,No
CUST01106,Female,0,No,No,17,Yes,Fiber optic,Month-to-month,Yes,Electronic check,95.93,1580.25,Yes
CUST01107,Female,0,Yes,No,61,Yes,DSL,Month-to-month,No,Credit card (automatic),109.88,6685.65,No
CUST01108,Male,0,No,Yes,41,Yes,No,One year,No,Mailed check,18.06,711.08,Yes
CUST01109,Male,1,Yes,Yes,31,Yes,Fiber optic,Two year,No,Mailed check,74.94,2343.04,Yes
CUST01110,Female,0,Yes,No,0,Yes,DSL,Two year,No,Electronic check,44.32,0.0,No
CUST01111,Male,0,No,No,57,Yes,No,Two year,Yes,Electronic check,21.43,1182.41,No
CUST01112,Female,0,No,No,33,Yes,Fiber optic,Month-to-month,No,Bank transfer (automatic),84.39,2634.33,No
CUST01113,Female,0,Yes,No,39,Yes,Fiber optic,One year,Yes,Mailed check,75.41,2936.96,No
CUST01114,Female,1,No,No,61,Yes,Fiber optic,Two year,No,Bank transfer (automatic),74.13,4529.03,No
CUST01115,Female,0,No,Yes,41,Yes,No,Month-to-month,Yes,Bank transfer (automatic),33.79,1371.17,No
CUST01116,Female,0,Yes,Yes,67,Yes,DSL,Month-to-month,Yes,Electronic check,91.29,6269.38,Yes
CUST01117,Male,0,Yes,Yes,40,Yes,DSL,Month-to-month,Yes,Mailed check,94.39,3788.62,Yes
CUST01118,Male,0,Yes,No,25,Yes,No,Two year,Yes,Electronic check,27.44,673.48,No
CUST01119,Male,0,Yes,No,67,Yes,DSL,Two year,Yes,Electronic check,78.07,5270.62,No
CUST01120,Female,0,No,No,46,Yes,Fiber optic,Two year,No,Credit card (automatic),115.86,5498.59,No
CUST01121,Female,0,Yes,Yes,55,No,Fiber optic,Month-to-month,Yes,Electronic check,98.44,5434.42,No
CUST01122,Female,0,Yes,No,16,Yes,Fiber optic,Two year,No,Electronic check,70.5,950.12,No
CUST01123,Female,0,No,No,48,Yes,Fiber optic,Month-to-month,Yes,Bank transfer (automatic),30.32,1489.92,No
CUST01124,Female,0,No,No,40,Yes,No,Month-to-month,Yes,Mailed check,25.67,956.46,No
CUST01125,Male,0,No,No,7,No,DSL,One year,Yes,Credit card (automatic),110.96,622.92,Yes
CUST01126,Male,0,No,Yes,18,Yes,Fiber optic,Two year,Yes,Credit card (automatic),52.62,1082.96,No
CUST01127,Male,1,Yes,Yes,66,Yes,Fiber optic,Two year,Yes,Bank transfer (automatic),74.06,5006.48,No
CUST01128,Male,0,No,No,41,Yes,DSL,Month-to-month,Yes,Bank transfer (automatic),76.13,3048.92,Yes
CUST01129,Male,0,Yes,No,56,Yes,No,Month-to-month,Yes,Mailed check,30.26,1622.67,No
CUST01130,Male,0,Yes,No,12,Yes,Fiber optic,Month-to-month,No,Electronic check,62.3,760.41,Yes
CUST01131,Female,1,Yes,No,15,Yes,DSL,Month-to-month,Yes,Credit card (automatic),50.27,683.24,Yes
CUST01132,Male,0,No,No,68,Yes,No,Two year,No,Mailed check,25.16,1700.07,No
CUST01133,Male,0,No,No,30,Yes,No,Month-to-month,No,Electronic check,18.0,482.95,Yes
CUST01134,Male,0,Yes,Yes,64,No,DSL,Month-to-month,Yes,Bank transfer (automatic),26.11,1639.01,No
CUST01135,Male,0,No,Yes,59,Yes,Fiber optic,Month-to-month,No,Bank transfer (automatic),118.01,6850.24,Yes
CUST01136,Female,0,No,No,24,No,DSL,One year,No,Bank transfer (automatic),95.18,2350.47,No
CUST01137,Male,1,Yes,No,69,Yes,DSL,Two year,No,Electronic check,119.08,8312.82,No
CUST01138,Female,0,No,Yes,56,No,DSL,Month-to-month,No,Credit card (automatic),93.85,5247.58,No
CUST01139,Male,0,Yes,Yes,9,Yes,No,Month-to-month,Yes,Electronic check,30.02,267.28,No
CUST01140,Male,0,No,Yes,6,Yes,DSL,Two year,No,Credit card (automatic),81.24,537.77,No
CUST01141,Male,0,Yes,Yes,9,Yes,DSL,Month-to-month,Yes,Mailed check,67.35,606.3,Yes
CUST01142,Female,0,Yes,Yes,54,Yes,Fiber optic,Month-to-month,Yes,Credit card (automatic),84.8,4717.57,No
CUST01143,Male,0,Yes,Yes,10,Yes,Fiber optic,Month-to-month,No,Credit card (automatic),58.17,476.39,Yes
CUST01144,Male,0,Yes,No,20,Yes,DSL,Two year,Yes,Mailed check,45.27,974.28,No
CUST01145,Female,0,No,No,31,Yes,DSL,One year,No,Credit card (automatic),63.69,1965.25,No
CUST01146,Female,1,No,No,9,Yes,Fiber optic,Month-to-month,Yes,Electronic check,104.29,848.91,Yes
CUST01147,Male,0,Yes,No,24,Yes,Fiber optic,Month-to-month,Yes,Electronic check,41.19,1168.33,No
CUST01148,Male,0,No,No,49,Yes,Fiber optic,Month-to-month,No,Mailed check,41.59,2228.73,No
CUST01149,Male,0,No,No,70,Yes,DSL,Month-to-month,Yes,Bank transfer (automatic),86.78,6057.97,No
CUST01150,Male,0,No,No,34,Yes,Fiber optic,Month-to-month,Yes,Electronic check,61.62,2130.66,Yes
CUST01151,Female,0,No,No,54,Yes,Fiber optic,Month-to-month,No,Bank transfer (automatic),84.14,4505.87,No
CUST01152,Male,0,Yes,Yes,38,Yes,DSL,Month-to-month,No,Credit card (automatic),96.75,3651.68,No
CUST01153,Female,0,Yes,No,34,Yes,DSL,Month-to-month,No,Credit card (automatic),83.54,2749.76,Yes
CUST01154,Male,1,No,No,37,Yes,Fiber optic,Month-to-month,Yes,Electronic check,56.19,1976.61,Yes
CUST01155,Female,0,No,No,69,Yes,DSL,Month-to-month,No,Bank transfer (automatic),104.07,7328.36,No
CUST01156,Male,0,No,Yes,4,Yes,DSL,Two year,No,Electronic check,90.55,359.1,No
CUST01157,Female,0,No,No,37,No,No,Month-to-month,No,Electronic check,20.7,769.95,Yes
CUST01158,Male,0,Yes,No,3,Yes,Fiber optic,Two year,Yes,Credit card (automatic),71.46,149.54,No
CUST01159,Female,0,No,No,63,Yes,Fiber optic,Two year,Yes,Credit card (automatic),81.35,5140.25,No
CUST01160,Female,1,Yes,Yes,43,Yes,DSL,Two year,Yes,Electronic check,64.2,2640.3,No
CUST01161,Male,0,Yes,No,3,Yes,Fiber optic,Month-to-month,Yes,Electronic check,31.22,31.76,Yes
CUST01162,Female,1,Yes,No,45,Yes,Fiber optic,Month-to-month,Yes,Mailed check,90.75,3987.77,Yes
CUST01163,Male,0,Yes,Yes,31,Yes,No,One year,Yes,Mailed check,28.66,991.89,Yes
CUST01164,Male,0,No,No,3,No,Fiber optic,Month-to-month,No,Electronic check,18.0,0.0,Yes
CUST01165,Male,0,Yes,No,71,Yes,Fiber optic,Month-to-month,Yes,Electronic check,84.77,5924.33,Yes
CUST01166,Female,0,No,No,27,Yes,DSL,Month-to-month,Yes,Mailed check,115.91,2965.76,Yes
CUST01167,Female,0,No,Yes,1,Yes,Fiber optic,One year,Yes,Electronic check,43.81,0.0,Yes
CUST01168,Female,0,No,No,44,Yes,No,Two year,No,Credit card (automatic),21.59,913.2,No
CUST01169,Male,0,No,No,27,Yes,Fiber optic,Month-to-month,Yes,Bank transfer (automatic),67.45,1899.37,Yes
CUST01170,Male,1,Yes,Yes,47,Yes,Fiber optic,Two year,Yes,Bank transfer (automatic),113.51,5317.21,No
CUST01171,Male,0,Yes,Yes,11,Yes,No,Two year,No,Mailed check,29.42,290.77,No
CUST01172,Male,0,Yes,Yes,60,Yes,No,Month-to-month,No,Credit card (automatic),28.18,1714.79,No
CUST01173,Female,0,Yes,Yes,30,Yes,DSL,Month-to-month,Yes,Electronic check,80.55,2381.07,No
CUST01174,Female,0,No,No,30,No,DSL,Month-to-month,No,Credit card (automatic),125.0,3942.79,Yes
CUST01175,Female,1,Yes,No,58,Yes,Fiber optic,Two year,No,Electronic check,56.38,3222.76,No
CUST01176,Female,0,Yes,Yes,40,Yes,No,One year,Yes,Credit card (automatic),18.0,753.1,No
CUST01177,Female,0,Yes,No,0,Yes,Fiber optic,One year,No,Electronic check,84.84,66.12,No
CUST01178,Female,0,No,Yes,42,Yes,DSL,One year,Yes,Credit card (automatic),56.75,2333.92,No
CUST01179,Female,0,No,No,47,No,Fiber optic,Month-to-month,No,Electronic check,116.08,5468.99,Yes
CUST01180,Female,0,Yes,No,22,Yes,DSL,Two year,No,Credit card (automatic),60.18,1283.89,No
CUST01181,Male,0,No,No,13,Yes,DSL,Two year,No,Bank transfer (automatic),37.27,506.43,No
CUST01182,Male,0,No,No,3,Yes,DSL,One year,No,Electronic check,58.88,184.71,Yes
CUST01183,Male,0,No,No,61,Yes,DSL,Month-to-month,Yes,Credit card (automatic),88.33,5376.91,No
CUST01184,Female,0,Yes,Yes,0,Yes,Fiber optic,Month-to-month,Yes,Electronic check,52.05,0.0,Yes
CUST01185,Female,0,No,Yes,42,Yes,DSL,Month-to-month,No,Bank transfer (automatic),79.55,3490.2,Yes
CUST01186,Female,1,Yes,No,61,Yes,DSL,Month-to-month,Yes,Electronic check,86.06,5296.57,Yes
CUST01187,Female,0,Yes,Yes,25,No,Fiber optic,One year,Yes,Bank transfer (automatic),41.78,917.41,No
CUST01188,Male,0,No,No,14,Yes,DSL,Two year,No,Credit card (automatic),57.91,777.11,No
CUST01189,Male,0,No,Yes,52,Yes,Fiber optic,Two year,Yes,Mailed check,80.72,4071.89,No
CUST01190,Female,0,Yes,No,46,Yes,DSL,Month-to-month,Yes,Bank transfer (automatic),89.56,4180.73,No
CUST01191,Female,1,No,No,1,Yes,DSL,Month-to-month,Yes,Credit card (automatic),58.53,56.79,Yes
CUST01192,Female,0,Yes,No,42,Yes,Fiber optic,Month-to-month,Yes,Bank transfer (automatic),75.79,3183.51,No
CUST01193,Female,0,No,No,0,Yes,DSL,Two year,No,Electronic check,64.9,0.0,No
CUST01194,Male,0,No,Yes,29,Yes,DSL,One year,Yes,Mailed check,90.2,2590.55,No
CUST01195,Male,0,No,Yes,22,Yes,DSL,Month-to-month,Yes,Electronic check,84.99,1932.75,No
CUST01196,Male,0,No,No,60,Yes,DSL,One year,No,Mailed check,62.66,3844.07,No
CUST01197,Male,0,No,No,71,Yes,DSL,One year,Yes,Electronic check,83.96,6028.87,No
CUST01198,Male,0,No,No,50,Yes,Fiber optic,Month-to-month,No,Credit card (automatic),61.69,2960.33,No
CUST01199,Male,0,No,No,53,Yes,DSL,Month-to-month,Yes,Bank transfer (automatic),83.43,4406.9,No
CUST01200,Male,0,No,No,1,Yes,DSL,Month-to-month,Yes,Bank transfer (automatic),83.78,104.05,Yes
CUST01201,Male,0,Yes,Yes,4,Yes,No,Month-to-month,Yes,Electronic check,25.54,43.38,Yes
CUST01202,Female,0,No,No,56,Yes,DSL,Month-to-month,No,Electronic check,63.59,3428.32,Yes
CUST01203,Male,0,Yes,No,31,Yes,DSL,Month-to-month,No,Credit card (automatic),68.47,2019.64,Yes
CUST01204,Male,0,No,No,37,Yes,Fiber optic,One year,Yes,Bank transfer (automatic),55.82,2185.32,Yes
CUST01205,Male,0,Yes,No,50,Yes,DSL,One year,Yes,Credit card (automatic),46.18,2213.68,No
CUST01206,Male,0,Yes,No,25,Yes,Fiber optic,Month-to-month,Yes,Bank transfer (automatic),60.59,1518.55,No
CUST01207,Male,0,No,No,49,Yes,DSL,Two year,Yes,Electronic check,88.63,4330.36,No
CUST01208,Male,0,Yes,No,53,Yes,Fiber optic,Month-to-month,Yes,Bank transfer (automatic),90.44,4781.02,No
CUST01209,Female,0,Yes,Yes,17,Yes,No,One year,No,Bank transfer (automatic),18.43,287.72,No
CUST01210,Male,0,No,No,50,Yes,DSL,Month-to-month,No,Electronic check,64.61,3293.63,Yes
CUST01211,Male,1,Yes,No,12,Yes,DSL,One year,Yes,Bank transfer (automatic),59.67,718.89,Yes
CUST01212,Male,0,Yes,No,22,Yes,Fiber optic,Month-to-month,Yes,Electronic check,49.08,1029.71,Yes
CUST01213,Female,0,No,Yes,56,Yes,No,Month-to-month,Yes,Electronic check,34.52,1937.23,No
CUST01214,Male,0,Yes,No,71,Yes,Fiber optic,Month-to-month,Yes,Electronic check,39.62,2710.82,No
CUST01215,Female,0,Yes,No,4,Yes,Fiber optic,One year,Yes,Bank transfer (automatic),105.95,461.88,No
CUST01216,Female,0,Yes,Yes,47,Yes,DSL,One year,No,Bank transfer (automatic),117.93,5488.23,Yes
CUST01217,Male,0,Yes,Yes,41,Yes,Fiber optic,One year,Yes,Electronic check,23.6,917.73,No
CUST01218,Male,0,Yes,Yes,44,Yes,DSL,Month-to-month,Yes,Credit card (automatic),79.23,3527.16,No
CUST01219,Male,0,Yes,No,57,Yes,Fiber optic,One year,Yes,Credit card (automatic),78.82,4460.15,No
CUST01220,Female,0,No,No,5,Yes,DSL,One year,Yes,Mailed check,77.22,358.02,No
CUST01221,Male,0,No,Yes,53,Yes,Fiber optic,Month-to-month,No,Electronic check,57.18,3123.95,No
CUST01222,Male,1,Yes,No,20,Yes,DSL,Month-to-month,No,Electronic check,97.56,1873.34,Yes
CUST01223,Male,0,Yes,No,11,Yes,Fiber optic,Month-to-month,No,Electronic check,82.26,944.73,Yes
CUST01224,Male,0,No,No,32,Yes,Fiber optic,Two year,No,Credit card (automatic),97.85,3207.16,No
CUST01225,Female,0,No,No,1,Yes,No,Month-to-month,Yes,Credit card (automatic),25.12,118.47,Yes
CUST01226,Male,0,Yes,No,46,Yes,No,Month-to-month,No,Electronic check,31.85,1639.22,Yes
CUST01227,Female,0,Yes,No,41,Yes,Fiber optic,Two year,No,Bank transfer (automatic),82.87,3346.3,Yes
CUST01228,Male,0,Yes,Yes,37,Yes,Fiber optic,Two year,Yes,Electronic check,47.93,1703.98,No
CUST01229,Female,0,No,No,2,Yes,DSL,Month-to-month,Yes,Electronic check,98.36,262.1,Yes
CUST01230,Female,1,No,No,55,Yes,No,Two year,No,Electronic check,31.28,1795.62,No
CUST01231,Male,0,No,No,2,Yes,Fiber optic,Month-to-month,No,Electronic check,60.29,57.32,No
CUST01232,Male,0,Yes,No,19,No,Fiber optic,Two year,Yes,Electronic check,56.6,1114.18,No
CUST01233,Male,0,Yes,No,28,Yes,Fiber optic,Month-to-month,No,Electronic check,63.69,2001.26,Yes
CUST01234,Male,0,Yes,No,51,Yes,Fiber optic,Month-to-month,No,Mailed check,78.53,4013.4,Yes
CUST01235,Male,0,Yes,Yes,29,Yes,Fiber optic,Two year,No,Mailed check,81.91,2449.27,No
CUST01236,Female,0,Yes,No,59,Yes,Fiber optic,Month-to-month,Yes,Bank transfer (automatic),87.99,5317.55,Yes
CUST01237,Female,0,No,Yes,68,Yes,Fiber optic,Two year,Yes,Mailed check,90.87,6379.46,No
CUST01238,Female,0,Yes,Yes,55,Yes,Fiber optic,Month-to-month,No,Mailed check,67.71,3743.71,No
CUST01239,Female,0,No,Yes,2,Yes,No,Month-to-month,Yes,Mailed check,24.74,149.72,Yes
CUST01240,Female,0,Yes,Yes,56,Yes,Fiber optic,Two year,Yes,Credit card (automatic),106.68,5911.0,No
CUST01241,Male,1,Yes,No,15,Yes,Fiber optic,Month-to-month,No,Electronic check,64.2,964.99,Yes
CUST01242,Male,0,No,No,64,Yes,Fiber optic,Two year,Yes,Bank transfer (automatic),68.58,4353.4,No
CUST01243,Male,0,No,No,71,Yes,Fiber optic,Two year,Yes,Electronic check,63.67,4369.74,No
CUST01244,Female,1,Yes,Yes,6,Yes,Fiber optic,Month-to-month,No,Mailed check,81.08,358.24,Yes
CUST01245,Male,1,No,No,7,Yes,Fiber optic,Month-to-month,Yes,Bank transfer (automatic),47.7,368.3,Yes
CUST01246,Male,0,Yes,No,50,Yes,No,Month-to-month,No,Bank transfer (automatic),23.0,,No
CUST01247,Male,0,Yes,No,10,Yes,No,Month-to-month,Yes,Credit card (automatic),18.0,96.67,Yes
CUST01248,Female,0,Yes,No,70,Yes,Fiber optic,Month-to-month,Yes,Mailed check,62.03,4466.69,No
CUST01249,Female,0,Yes,No,39,Yes,DSL,Month-to-month,Yes,Electronic check,98.62,3757.38,Yes
CUST01250,Male,0,No,Yes,41,Yes,Fiber optic,Two year,Yes,Credit card (automatic),68.2,2816.78,No
CUST01251,Female,0,Yes,No,62,Yes,Fiber optic,Month-to-month,Yes,Electronic check,69.6,4281.98,Yes
CUST01252,Female,0,No,No,15,Yes,Fiber optic,One year,No,Bank transfer (automatic),78.95,1192.81,No
CUST01253,Female,1,No,Yes,40,Yes,No,Month-to-month,No,Credit card (automatic),18.0,791.88,No
CUST01254,Male,0,Yes,No,72,Yes,DSL,Month-to-month,Yes,Mailed check,72.63,5289.95,No
CUST01255,Male,0,Yes,No,1,Yes,DSL,Month-to-month,Yes,Bank transfer (automatic),94.26,150.89,Yes
CUST01256,Female,0,Yes,No,12,Yes,No,Month-to-month,No,Electronic check,23.6,329.61,No
CUST01257,Female,1,No,No,10,Yes,No,One year,Yes,Electronic check,35.66,254.78,No
CUST01258,Male,1,No,No,24,Yes,Fiber optic,Month-to-month,Yes,Credit card (automatic),103.6,2577.16,No
CUST01259,Male,0,No,No,9,Yes,DSL,Two year,Yes,Electronic check,88.56,712.22,No
CUST01260,Male,0,Yes,No,12,Yes,Fiber optic,Two year,Yes,Electronic check,54.17,641.56,No
CUST01261,Female,0,Yes,No,62,Yes,Fiber optic,Month-to-month,Yes,Bank transfer (automatic),63.4,3902.69,No
CUST01262,Male,0,No,No,33,Yes,Fiber optic,Two year,Yes,Mailed check,120.29,3997.58,Yes
CUST01263,Female,0,Yes,Yes,26,Yes,DSL,Two year,No,Electronic check,79.85,2037.32,No
CUST01264,Male,0,No,No,30,Yes,DSL,Month-to-month,Yes,Electronic check,76.52,2282.92,Yes
CUST01265,Female,0,Yes,No,70,Yes,Fiber optic,Two year,Yes,Mailed check,50.5,3664.51,No
CUST01266,Female,0,Yes,No,35,Yes,Fiber optic,Month-to-month,Yes,Mailed check,69.71,2336.23,Yes
CUST01267,Female,0,No,No,34,Yes,Fiber optic,One year,Yes,Credit card (automatic),89.91,3056.74,No
CUST01268,Female,0,No,No,67,Yes,Fiber optic,Month-to-month,No,Electronic check,72.37,4759.66,Yes
CUST01269,Male,0,No,No,2,Yes,DSL,Two year,No,Credit card (automatic),59.02,171.99,No
CUST01270,Female,0,Yes,Yes,34,Yes,Fiber optic,Two year,No,Electronic check,64.82,2145.74,Yes
CUST01271,Female,0,No,Yes,54,Yes,No,Two year,Yes,Electronic check,23.18,1254.8,No
CUST01272,Female,0,No,No,37,Yes,Fiber optic,Two year,Yes,Credit card (automatic),88.69,3175.56,Yes
CUST01273,Male,0,No,No,63,No,Fiber optic,Month-to-month,Yes,Credit card (automatic),85.35,5480.37,No
CUST01274,Male,0,No,Yes,64,Yes,Fiber optic,One year,Yes,Electronic check,83.02,5319.1,Yes
CUST01275,Male,1,No,Yes,24,Yes,No,Month-to-month,Yes,Mailed check,19.86,487.66,No
CUST01276,Male,0,No,Yes,59,Yes,Fiber optic,Month-to-month,Yes,Credit card (automatic),78.81,4716.11,Yes
CUST01277,Male,1,Yes,No,17,Yes,Fiber optic,Month-to-month,Yes,Electronic check,98.7,1577.79,Yes
CUST01278,Male,1,Yes,No,17,Yes,No,Two year,Yes,Electronic check,31.46,485.62,Yes
CUST01279,Female,0,No,No,71,Yes,DSL,One year,Yes,Bank transfer (automatic),96.44,6860.84,No
CUST01280,Male,0,Yes,Yes,0,Yes,Fiber optic,Month-to-month,Yes,Credit card (automatic),85.63,0.0,Yes
CUST01281,Male,0,Yes,Yes,25,Yes,Fiber optic,Two year,Yes,Bank transfer (automatic),92.69,2184.88,No
CUST01282,Male,0,No,Yes,45,Yes,,Two year,No,Mailed check,19.85,827.55,Yes
CUST01283,Female,0,Yes,No,30,Yes,Fiber optic,Month-to-month,Yes,Credit card (automatic),94.16,2733.52,No
CUST01284,Male,0,No,Yes,61,Yes,DSL,Month-to-month,Yes,Electronic check,35.38,2130.67,Yes
CUST01285,Female,1,No,No,18,Yes,Fiber optic,One year,Yes,Credit card (automatic),72.83,1352.73,No
CUST01286,Female,0,Yes,No,40,Yes,Fiber optic,One year,Yes,Electronic check,89.83,3653.19,Yes
CUST01287,Male,0,No,No,9,No,Fiber optic,Month-to-month,No,Bank transfer (automatic),79.41,859.44,Yes
CUST01288,Female,0,Yes,No,15,No,DSL,Month-to-month,Yes,Bank transfer (automatic),99.39,1489.04,No
CUST01289,Female,0,No,Yes,12,Yes,DSL,Month-to-month,No,Electronic check,68.07,829.19,No
CUST01290,Male,0,No,Yes,54,Yes,Fiber optic,Month-to-month,No,Bank transfer (automatic),58.31,3146.75,No
CUST01291,Female,0,Yes,No,14,Yes,Fiber optic,Month-to-month,Yes,Credit card (automatic),31.02,459.9,No
CUST01292,Male,0,Yes,No,48,Yes,No,Month-to-month,No,Mailed check,26.26,1292.35,Yes
CUST01293,Female,0,Yes,No,25,Yes,DSL,Month-to-month,No,Electronic check,84.92,2196.77,No
CUST01294,Female,0,Yes,No,41,Yes,Fiber optic,One year,No,Electronic check,91.03,3805.69,No
CUST01295,Male,0,Yes,No,63,Yes,DSL,Month-to-month,Yes,Bank transfer (automatic),37.02,2373.81,No
CUST01296,Male,0,No,No,63,Yes,Fiber optic,Month-to-month,No,Bank transfer (automatic),101.38,6507.75,No
CUST01297,Female,1,Yes,No,0,Yes,DSL,Month-to-month,Yes,Mailed check,47.64,2.14,Yes
CUST01298,Male,0,No,Yes,57,Yes,Fiber optic,Two year,Yes,Electronic check,68.97,3882.36,No
CUST01299,Male,0,Yes,Yes,69,Yes,DSL,Month-to-month,No,Bank transfer (automatic),57.78,3950.98,No
CUST01300,Female,0,No,Yes,48,Yes,Fiber optic,Month-to-month,Yes,Electronic check,82.43,3948.17,Yes
CUST01301,Male,0,Yes,No,13,Yes,DSL,Month-to-month,Yes,Electronic check,74.35,879.86,Yes
CUST01302,Female,0,Yes,No,48,No,Fiber optic,One year,Yes,Mailed check,88.95,4220.53,No
CUST01303,Male,0,No,Yes,46,No,DSL,Month-to-month,Yes,Bank transfer (automatic),118.1,5341.41,Yes
CUST01304,Male,1,Yes,Yes,48,Yes,Fiber optic,Month-to-month,Yes,Credit card (automatic),81.95,3961.12,Yes
CUST01305,Male,0,No,No,31,Yes,Fiber optic,Two year,Yes,Bank transfer (automatic),57.58,1813.29,No
CUST01306,Male,0,Yes,No,38,Yes,DSL,One year,Yes,Electronic check,83.53,3032.63,No
CUST01307,Female,0,No,Yes,47,Yes,DSL,Month-to-month,No,Credit card (automatic),120.63,5617.28,Yes
CUST01308,Female,0,No,No,33,Yes,DSL,Month-to-month,Yes,Electronic check,88.41,3063.55,No
CUST01309,Female,0,No,No,56,Yes,Fiber optic,Two year,No,Credit card (automatic),95.64,5406.22,Yes
CUST01310,Male,0,Yes,No,51,Yes,No,Two year,Yes,Electronic check,28.94,1512.29,No
CUST01311,Male,0,Yes,No,22,Yes,DSL,One year,No,Credit card (automatic),81.67,1743.6,Yes
CUST01312,Female,0,Yes,Yes,44,Yes,Fiber optic,One year,No,Credit card (automatic),65.3,2896.18,No
CUST01313,Male,0,Yes,Yes,55,Yes,Fiber optic,Two year,No,Credit card (automatic),55.0,3023.84,No
CUST01314,Male,0,Yes,No,35,Yes,Fiber optic,Two year,Yes,Electronic check,71.44,2436.66,No
CUST01315,Male,0,No,Yes,52,Yes,Fiber optic,Month-to-month,Yes,Credit card (automatic),74.72,3845.94,No
CUST01316,Female,0,No,No,9,Yes,No,Two year,No,Bank transfer (automatic),24.48,182.62,No
CUST01317,Male,0,No,Yes,28,Yes,Fiber optic,One year,No,Electronic check,76.71,2028.79,No
CUST01318,Male,0,Yes,No,51,Yes,Fiber optic,One year,Yes,Mailed check,67.66,3344.77,No
CUST01319,Female,0,Yes,No,65,Yes,DSL,Month-to-month,No,Bank transfer (automatic),89.56,5805.44,No
CUST01320,Female,1,No,No,47,Yes,Fiber optic,Month-to-month,No,Credit card (automatic),77.69,3583.59,No
CUST01321,Female,0,Yes,No,48,Yes,No,Two year,Yes,Credit card (automatic),25.3,1190.33,No
CUST01322,Female,0,Yes,No,24,Yes,No,One year,No,Mailed check,29.68,583.87,No
CUST01323,Male,0,Yes,Yes,51,Yes,DSL,Month-to-month,No,Bank transfer (automatic),85.87,4443.48,No
CUST01324,Male,0,No,No,26,Yes,No,One year,Yes,Electronic check,25.63,832.82,No
CUST01325,Male,0,No,Yes,3,Yes,DSL,Month-to-month,Yes,Mailed check,19.83,141.68,Yes
CUST01326,Female,0,Yes,No,18,Yes,Fiber optic,Month-to-month,Yes,Credit card (automatic),84.84,1617.56,Yes
CUST01327,Male,0,No,No,44,Yes,Fiber optic,One year,Yes,Bank transfer (automatic),49.2,2214.89,No
CUST01328,Female,1,Yes,Yes,70,Yes,Fiber optic,One year,Yes,Credit card (automatic),69.84,4910.05,Yes
CUST01329,Male,0,Yes,Yes,36,Yes,Fiber optic,Month-to-month,No,Bank transfer (automatic),81.28,2933.0,No
CUST01330,Female,1,No,No,62,No,DSL,Month-to-month,Yes,Mailed check,105.33,6457.3,Yes
CUST01331,Female,0,Yes,Yes,56,Yes,DSL,Month-to-month,No,Bank transfer (automatic),118.06,6666.56,No
CUST01332,Male,0,No,No,40,No,DSL,One year,No,Electronic check,48.97,2009.26,No
CUST01333,Female,0,Yes,Yes,58,Yes,Fiber optic,Two year,No,Credit card (automatic),39.1,2230.76,No
CUST01334,Male,0,Yes,No,29,Yes,No,One year,Yes,Credit card (automatic),25.15,771.43,No
CUST01335,Male,0,No,No,32,Yes,Fiber optic,One year,Yes,Credit card (automatic),78.06,2442.4,No
CUST01336,Male,0,Yes,No,53,Yes,Fiber optic,Month-to-month,No,Credit card (automatic),41.95,2172.93,No
CUST01337,Male,0,No,Yes,46,Yes,Fiber optic,Month-to-month,Yes,Bank transfer (automatic),71.58,3354.69,Yes
CUST01338,Female,0,Yes,No,38,Yes,Fiber optic,Two year,Yes,Mailed check,86.94,3338.16,No
CUST01339,Male,0,No,No,31,Yes,Fiber optic,Month-to-month,Yes,Credit card (automatic),41.25,1260.19,Yes
CUST01340,Female,0,Yes,No,71,Yes,Fiber optic,Month-to-month,Yes,Electronic check,47.14,3319.13,No
CUST01341,Male,0,Yes,No,4,Yes,DSL,Month-to-month,No,Credit card (automatic),55.9,237.58,Yes
CUST01342,Female,1,No,No,4,Yes,Fiber optic,One year,Yes,Electronic check,66.69,119.93,Yes
CUST01343,Female,0,Yes,No,34,Yes,Fiber optic,Month-to-month,Yes,Credit card (automatic),89.35,2977.28,Yes
CUST01344,Male,0,Yes,No,2,Yes,Fiber optic,Month-to-month,Yes,Bank transfer (automatic),63.84,26.47,Yes
CUST01345,Female,0,No,No,24,Yes,Fiber optic,One year,Yes,Credit card (automatic),73.38,1762.07,No
CUST01346,Male,1,No,No,41,Yes,DSL,Month-to-month,Yes,Mailed check,125.0,5212.09,No
CUST01347,Male,0,No,Yes,29,Yes,Fiber optic,Month-to-month,No,Bank transfer (automatic),48.09,1432.78,No
CUST01348,Male,0,No,No,14,Yes,DSL,Two year,No,Credit card (automatic),55.68,738.6,No
CUST01349,Male,1,No,No,20,Yes,No,Two year,No,Mailed check,21.48,373.07,No
CUST01350,Male,1,No,No,44,No,DSL,Month-to-month,Yes,Electronic check,96.7,4194.49,Yes
CUST01351,Female,0,No,No,69,Yes,Fiber optic,Month-to-month,Yes,Electronic check,82.37,5843.5,No
CUST01352,Female,0,Yes,No,57,Yes,Fiber optic,Month-to-month,Yes,Bank transfer (automatic),117.22,6686.98,No
CUST01353,Female,0,Yes,No,39,Yes,DSL,Month-to-month,No,Bank transfer (automatic),79.94,3133.64,Yes
CUST01354,Male,0,No,No,10,Yes,Fiber optic,Two year,No,Bank transfer (automatic),22.6,57.11,No
CUST01355,Female,0,No,No,17,Yes,DSL,One year,No,Electronic check,74.42,1170.66,No
CUST01356,Female,0,Yes,No,32,Yes,Fiber optic,Month-to-month,Yes,Electronic check,57.73,1843.83,No
CUST01357,Female,0,Yes,No,18,Yes,No,One year,Yes,Credit card (automatic),27.85,461.45,No
CUST01358,Female,0,Yes,Yes,50,No,DSL,Month-to-month,No,Bank transfer (automatic),96.12,4816.64,No
CUST01359,Female,0,No,No,26,Yes,Fiber optic,Month-to-month,Yes,Electronic check,32.26,848.35,No
CUST01360,Female,0,No,No,60,Yes,No,Two year,No,Electronic check,23.93,1483.84,No
CUST01361,Female,1,Yes,No,19,Yes,Fiber optic,Month-to-month,No,Electronic check,95.48,1664.59,Yes
CUST01362,Female,0,No,No,36,Yes,Fiber optic,Month-to-month,Yes,Credit card (automatic),63.89,2211.62,No
CUST01363,Female,0,No,No,52,Yes,Fiber optic,Two year,No,Bank transfer (automatic),70.04,3634.11,No
CUST01364,Female,0,No,No,15,Yes,Fiber optic,Month-to-month,No,Bank transfer (automatic),106.8,1550.21,No
CUST01365,Male,0,Yes,No,55,Yes,DSL,Month-to-month,No,Bank transfer (automatic),22.71,1224.23,Yes
CUST01366,Female,0,No,No,42,No,DSL,Month-to-month,Yes,Credit card (automatic),83.13,3500.18,No
CUST01367,Female,0,No,Yes,47,Yes,Fiber optic,Month-to-month,Yes,Electronic check,99.34,4609.39,Yes
CUST01368,Female,1,No,No,33,Yes,Fiber optic,Month-to-month,No,Electronic check,69.78,2318.12,No
CUST01369,Male,0,Yes,No,68,Yes,DSL,Month-to-month,Yes,Mailed check,88.2,6041.12,No
CUST01370,Male,1,No,No,56,Yes,No,Month-to-month,Yes,Credit card (automatic),34.18,1919.29,No
CUST01371,Male,1,No,No,14,Yes,Fiber optic,Month-to-month,Yes,Bank transfer (automatic),52.4,791.26,Yes
CUST01372,Female,1,Yes,No,40,Yes,Fiber optic,One year,Yes,Bank transfer (automatic),51.77,1896.96,No
CUST01373,Female,0,Yes,Yes,65,Yes,No,Two year,No,Credit card (automatic),28.43,1801.07,No
CUST01374,Female,1,No,Yes,20,No,No,One year,Yes,Electronic check,24.1,553.39,No
CUST01375,Male,0,No,No,39,Yes,Fiber optic,One year,Yes,Mailed check,33.89,1252.56,No
CUST01376,Male,0,Yes,Yes,55,Yes,DSL,Two year,Yes,Bank transfer (automatic),75.06,4048.3,No
CUST01377,Male,0,Yes,No,19,Yes,DSL,Month-to-month,Yes,Credit card (automatic),59.17,1114.13,Yes
CUST01378,Male,0,Yes,No,37,Yes,DSL,Month-to-month,Yes,Electronic check,42.02,1553.35,Yes
CUST01379,Male,0,No,Yes,40,Yes,Fiber optic,Month-to-month,Yes,Mailed check,73.79,2908.82,Yes
CUST01380,Male,0,No,No,12,Yes,DSL,Month-to-month,Yes,Credit card (automatic),91.18,1241.65,Yes
CUST01381,Male,0,Yes,No,12,Yes,Fiber optic,Two year,Yes,Bank transfer (automatic),72.5,892.92,No
CUST01382,Female,0,Yes,No,41,Yes,DSL,Month-to-month,No,Bank transfer (automatic),45.34,1786.71,Yes
CUST01383,Female,1,Yes,No,13,Yes,Fiber optic,Two year,Yes,Electronic check,84.05,977.49,No
CUST01384,Male,0,Yes,No,69,Yes,Fiber optic,Month-to-month,Yes,Electronic check,97.88,6786.17,Yes
CUST01385,Female,0,No,Yes,38,Yes,Fiber optic,Month-to-month,Yes,Mailed check,125.0,4675.87,Yes
CUST01386,Female,0,No,Yes,51,Yes,Fiber optic,Month-to-month,No,Electronic check,108.05,5682.76,Yes
CUST01387,Male,0,Yes,No,28,Yes,No,Month-to-month,Yes,Credit card (automatic),18.52,552.8,No
CUST01388,Female,0,Yes,No,21,Yes,No,Month-to-month,Yes,Bank transfer (automatic),18.0,422.8,Yes
CUST01389,Male,0,Yes,No,35,Yes,Fiber optic,One year,No,Credit card (automatic),78.41,2764.24,No
CUST01390,Male,0,No,No,51,Yes,DSL,Month-to-month,No,Electronic check,43.2,2292.93,No
CUST01391,Female,0,No,Yes,29,Yes,No,Two year,Yes,Electronic check,26.26,569.91,No
CUST01392,Male,0,No,No,20,Yes,No,Two year,No,Credit card (automatic),18.87,281.14,No
CUST01393,Male,0,Yes,No,10,Yes,No,Month-to-month,No,Electronic check,18.64,269.13,Yes
CUST01394,Male,1,No,No,39,Yes,Fiber optic,Two year,Yes,Electronic check,46.66,1939.79,No
CUST01395,Female,0,Yes,No,49,Yes,DSL,Month-to-month,No,Mailed check,72.34,3445.84,Yes
CUST01396,Male,1,No,Yes,38,Yes,Fiber optic,Month-to-month,Yes,Electronic check,84.29,3057.53,No
CUST01397,Male,0,No,Yes,18,Yes,Fiber optic,Month-to-month,No,Electronic check,28.75,530.9,Yes
CUST01398,Male,0,No,No,18,Yes,Fiber optic,One year,No,Electronic check,29.61,571.81,Yes
CUST01399,Female,0,No,No,27,Yes,Fiber optic,Month-to-month,No,Credit card (automatic),75.87,2060.28,Yes
CUST01400,Female,1,Yes,No,25,No,Fiber optic,One year,Yes,Electronic check,76.19,1899.98,No
CUST01401,Male,1,No,No,14,Yes,DSL,Two year,No,Bank transfer (automatic),26.03,216.27,Yes
CUST01402,Female,0,Yes,Yes,68,Yes,Fiber optic,Month-to-month,Yes,Bank transfer (automatic),81.7,5525.6,Yes
CUST01403,Female,0,Yes,No,24,Yes,Fiber optic,Two year,Yes,Bank transfer (automatic),99.17,2362.01,No
CUST01404,Female,0,Yes,Yes,18,Yes,Fiber optic,Month-to-month,No,Bank transfer (automatic),66.54,1153.86,Yes
CUST01405,Female,0,Yes,Yes,44,Yes,DSL,Month-to-month,Yes,Electronic check,73.5,3080.5,Yes
CUST01406,Female,1,Yes,No,58,Yes,No,Month-to-month,No,Electronic check,28.22,1683.54,Yes
CUST01407,Female,0,Yes,No,33,Yes,Fiber optic,Month-to-month,Yes,Bank transfer (automatic),82.98,2807.6,No
CUST01408,Male,0,No,No,48,Yes,Fiber optic,Month-to-month,Yes,Credit card (automatic),30.28,1389.87,Yes
CUST01409,Female,0,Yes,Yes,6,Yes,Fiber optic,One year,Yes,Mailed check,49.37,281.34,No
CUST01410,Female,0,Yes,No,38,Yes,Fiber optic,Month-to-month,Yes,Mailed check,62.1,2320.05,No
CUST01411,Female,1,No,No,4,Yes,Fiber optic,Month-to-month,Yes,Credit card (automatic),50.48,162.94,Yes
CUST01412,Male,0,No,No,10,Yes,DSL,One year,Yes,Credit card (automatic),108.67,1126.15,Yes
CUST01413,Female,0,Yes,No,43,Yes,No,One year,No,Credit card (automatic),27.39,1219.16,No
CUST01414,Male,0,Yes,No,14,Yes,DSL,Two year,No,Bank transfer (automatic),44.26,705.62,No
CUST01415,Male,0,No,Yes,2,No,No,Month-to-month,No,Credit card (automatic),33.51,151.33,Yes
CUST01416,Male,0,No,No,13,Yes,Fiber optic,One year,Yes,Bank transfer (automatic),100.26,1289.64,No
CUST01417,Male,1,Yes,No,56,Yes,DSL,Month-to-month,Yes,Bank transfer (automatic),55.84,3354.41,No
CUST01418,Female,0,No,No,42,Yes,Fiber optic,One year,No,Credit card (automatic),93.29,4042.18,Yes
CUST01419,Male,0,Yes,No,27,Yes,DSL,Month-to-month,Yes,Mailed check,106.58,2825.01,No
CUST01420,Female,0,Yes,No,71,No,No,Month-to-month,Yes,Credit card (automatic),26.5,1891.63,No
CUST01421,Male,0,No,No,28,Yes,Fiber optic,Two year,No,Credit card (automatic),76.51,1983.41,No
CUST01422,Male,0,No,Yes,64,Yes,Fiber optic,One year,Yes,Bank transfer (automatic),103.28,6612.1,No
CUST01423,Male,0,No,No,25,Yes,Fiber optic,One year,No,Electronic check,58.94,1607.4,No
CUST01424,Male,0,Yes,No,1,Yes,No,Month-to-month,Yes,Credit card (automatic),22.59,245.09,Yes
CUST01425,Female,0,Yes,No,8,Yes,Fiber optic,One year,Yes,Electronic check,78.02,614.46,No
CUST01426,Male,0,Yes,No,19,Yes,Fiber optic,Month-to-month,Yes,Bank transfer (automatic),100.67,1939.52,Yes
CUST01427,Male,0,Yes,Yes,13,Yes,Fiber optic,Month-to-month,No,Electronic check,62.95,866.77,Yes
CUST01428,Male,0,Yes,No,11,Yes,DSL,Month-to-month,No,Credit card (automatic),84.49,1087.77,No
CUST01429,Female,0,No,No,27,Yes,Fiber optic,Month-to-month,No,Credit card (automatic),85.59,2232.29,No
CUST01430,Male,0,No,No,71,Yes,Fiber optic,Month-to-month,Yes,Electronic check,48.78,3675.82,Yes
CUST01431,Female,0,No,No,14,Yes,No,One year,No,Bank transfer (automatic),22.08,283.75,No
CUST01432,Female,1,Yes,No,17,Yes,Fiber optic,Month-to-month,Yes,Credit card (automatic),66.89,1043.52,No
CUST01433,Female,0,Yes,No,72,Yes,Fiber optic,Two year,Yes,Electronic check,99.63,7148.14,Yes
CUST01434,Male,0,No,No,14,Yes,Fiber optic,Two year,No,Electronic check,26.21,302.17,No
CUST01435,Female,0,Yes,Yes,60,Yes,,Month-to-month,No,Mailed check,62.93,3809.34,Yes
CUST01436,Female,0,No,No,45,Yes,Fiber optic,One year,No,Credit card (automatic),104.75,4581.56,No
CUST01437,Female,0,Yes,No,67,Yes,No,Month-to-month,Yes,Mailed check,32.97,2220.32,No
CUST01438,Male,0,No,No,40,Yes,DSL,Two year,No,Electronic check,103.35,4187.12,Yes
CUST01439,Female,0,No,No,43,Yes,Fiber optic,Month-to-month,Yes,Electronic check,43.81,2002.46,Yes
CUST01440,Male,0,No,No,16,Yes,No,Month-to-month,No,Mailed check,21.23,394.13,Yes
CUST01441,Male,1,No,Yes,41,Yes,Fiber optic,Month-to-month,Yes,Electronic check,68.32,2914.82,Yes
CUST01442,Male,0,No,No,48,Yes,Fiber optic,Two year,Yes,Bank transfer (automatic),118.84,5655.87,No
CUST01443,Male,1,Yes,No,72,Yes,Fiber optic,Month-to-month,Yes,Electronic check,56.0,4063.54,No
CUST01444,Female,1,No,Yes,7,Yes,DSL,Two year,Yes,Credit card (automatic),28.68,22.42,Yes
CUST01445,Female,1,No,Yes,11,Yes,DSL,Month-to-month,Yes,Bank transfer (automatic),36.95,397.33,No
CUST01446,Female,0,No,No,1,Yes,Fiber optic,One year,No,Credit card (automatic),95.3,126.24,Yes
CUST01447,Male,0,Yes,No,57,Yes,Fiber optic,Month-to-month,No,Electronic check,38.13,2211.59,Yes
CUST01448,Male,0,Yes,No,6,Yes,DSL,Month-to-month,Yes,Bank transfer (automatic),101.7,484.27,Yes
CUST01449,Male,0,No,Yes,66,Yes,No,Month-to-month,Yes,Credit card (automatic),22.7,1466.99,Yes
CUST01450,Female,1,No,No,26,Yes,Fiber optic,Month-to-month,No,Bank transfer (automatic),71.19,,Yes
CUST01451,Female,0,Yes,Yes,21,Yes,No,One year,No,Electronic check,18.0,343.67,No
CUST01452,Female,0,Yes,No,71,No,Fiber optic,One year,Yes,Electronic check,51.98,3748.58,Yes
CUST01453,Female,0,Yes,No,52,Yes,No,Month-to-month,No,Bank transfer (automatic),24.18,1240.01,No
CUST01454,Female,0,Yes,No,39,Yes,Fiber optic,Month-to-month,Yes,Mailed check,42.17,1652.58,Yes
CUST01455,Male,0,Yes,No,64,Yes,No,Month-to-month,No,Credit card (automatic),18.0,1112.83,No
CUST01456,Female,0,Yes,No,55,Yes,Fiber optic,One year,No,Credit card (automatic),46.32,2632.79,No
CUST01457,Male,1,Yes,Yes,46,Yes,DSL,Two year,Yes,Bank transfer (automatic),82.97,3907.76,No
CUST01458,Female,0,No,No,23,Yes,Fiber optic,Two year,Yes,Credit card (automatic),46.13,1036.32,No
CUST01459,Female,0,Yes,No,71,Yes,Fiber optic,Two year,No,Bank transfer (automatic),58.67,4393.62,No
CUST01460,Male,0,Yes,No,52,Yes,DSL,Month-to-month,Yes,Electronic check,62.65,3196.48,No
CUST01461,Male,1,Yes,No,69,Yes,No,Month-to-month,Yes,Electronic check,18.0,1322.58,Yes
CUST01462,Female,0,Yes,No,70,Yes,DSL,Two year,Yes,Credit card (automatic),71.64,4938.72,No
CUST01463,Female,0,No,No,40,Yes,No,Month-to-month,No,Mailed check,18.69,809.44,No
CUST01464,Female,0,No,Yes,26,Yes,Fiber optic,Month-to-month,Yes,Credit card (automatic),60.89,1638.74,No
CUST01465,Male,1,Yes,Yes,69,Yes,No,Month-to-month,Yes,Electronic check,27.11,1789.65,Yes
CUST01466,Female,0,Yes,Yes,72,Yes,No,One year,No,Electronic check,22.63,1618.91,No
CUST01467,Male,0,Yes,No,8,Yes,Fiber optic,One year,No,Credit card (automatic),118.28,1095.66,Yes
CUST01468,Female,1,Yes,No,46,Yes,Fiber optic,Two year,Yes,Credit card (automatic),80.4,3633.26,Yes
CUST01469,Male,0,Yes,No,43,Yes,DSL,Month-to-month,Yes,Credit card (automatic),94.59,4099.52,No
CUST01470,Female,0,Yes,No,54,Yes,Fiber optic,Month-to-month,Yes,Electronic check,49.25,2686.34,Yes
CUST01471,Male,0,Yes,Yes,71,Yes,Fiber optic,Month-to-month,Yes,Mailed check,66.92,4747.94,Yes
CUST01472,Male,0,No,No,18,Yes,DSL,One year,Yes,Bank transfer (automatic),77.1,1249.31,No
CUST01473,Female,0,Yes,Yes,71,Yes,DSL,Month-to-month,Yes,Credit card (automatic),53.87,3891.06,Yes
CUST01474,Female,0,Yes,No,46,Yes,Fiber optic,Two year,Yes,Electronic check,82.0,3772.93,No
CUST01475,Male,0,No,No,6,Yes,DSL,Month-to-month,No,Bank transfer (automatic),87.39,612.65,Yes
CUST01476,Female,0,Yes,No,37,Yes,Fiber optic,One year,Yes,Electronic check,85.57,3184.63,No
CUST01477,Female,0,Yes,Yes,9,Yes,DSL,Two year,Yes,Bank transfer (automatic),68.22,619.14,No
CUST01478,Female,0,Yes,Yes,69,Yes,No,Month-to-month,No,Electronic check,25.39,1781.71,No
CUST01479,Female,0,Yes,No,55,Yes,No,One year,Yes,Credit card (automatic),23.72,1225.6,No
CUST01480,Female,1,Yes,Yes,66,Yes,No,Month-to-month,No,Electronic check,22.06,1580.61,Yes
CUST01481,Female,0,No,No,43,Yes,Fiber optic,Two year,Yes,Bank transfer (automatic),108.04,4615.69,No
CUST01482,Female,0,No,No,28,Yes,DSL,Two year,Yes,Credit card (automatic),44.33,1212.24,No
CUST01483,Female,0,Yes,No,31,Yes,Fiber optic,One year,Yes,Electronic check,29.43,1015.71,Yes
CUST01484,Female,0,Yes,Yes,69,Yes,Fiber optic,Month-to-month,Yes,Electronic check,50.3,3490.49,No
CUST01485,Female,0,No,No,11,Yes,No,Two year,No,Bank transfer (automatic),25.17,257.95,Yes
CUST01486,Male,0,No,No,64,Yes,Fiber optic,Two year,Yes,Bank transfer (automatic),104.09,6694.87,No
CUST01487,Female,0,Yes,No,30,No,DSL,One year,Yes,Bank transfer (automatic),55.49,1714.78,Yes
CUST01488,Female,0,Yes,No,43,Yes,No,Two year,Yes,Bank transfer (automatic),26.71,1139.06,Yes
CUST01489,Female,0,Yes,Yes,48,Yes,Fiber optic,Month-to-month,Yes,Electronic check,72.68,3562.43,Yes
CUST01490,Male,0,No,No,5,Yes,DSL,Month-to-month,Yes,Credit card (automatic),69.11,243.91,Yes
CUST01491,Female,0,Yes,No,10,Yes,Fiber optic,Month-to-month,Yes,Electronic check,50.75,528.44,Yes
CUST01492,Female,1,Yes,No,11,Yes,DSL,Month-to-month,Yes,Bank transfer (automatic),120.78,1392.6,Yes
CUST01493,Female,0,Yes,No,56,Yes,Fiber optic,Month-to-month,No,Credit card (automatic),68.24,3871.18,No
CUST01494,Female,0,Yes,No,5,Yes,Fiber optic,One year,No,Credit card (automatic),38.7,14.22,Yes
CUST01495,Female,0,Yes,No,44,Yes,Fiber optic,Month-to-month,Yes,Electronic check,125.0,5489.87,Yes
CUST01496,Female,0,No,No,7,Yes,DSL,Month-to-month,No,Electronic check,81.84,475.76,No
CUST01497,Male,0,No,No,56,Yes,DSL,One year,Yes,Bank transfer (automatic),91.97,5253.18,No
CUST01498,Male,0,Yes,No,71,No,Fiber optic,Two year,Yes,Electronic check,114.04,8065.59,Yes
CUST01499,Female,0,Yes,Yes,30,Yes,DSL,Two year,No,Bank transfer (automatic),87.36,2714.78,Yes
CUST01500,Male,0,No,No,15,Yes,Fiber optic,Month-to-month,No,Bank transfer (automatic),96.37,1348.19,Yes
CUST01501,Male,0,Yes,No,32,Yes,Fiber optic,Two year,Yes,Electronic check,73.36,2378.77,No
CUST01502,Female,0,Yes,Yes,50,Yes,Fiber optic,Month-to-month,No,Mailed check,90.34,4517.64,No
CUST01503,Female,0,Yes,No,53,Yes,Fiber optic,Month-to-month,No,Bank transfer (automatic),71.15,3992.08,Yes
CUST01504,Female,0,No,No,46,Yes,DSL,One year,Yes,Credit card (automatic),71.49,3382.77,No
CUST01505,Male,1,No,No,42,Yes,DSL,Month-to-month,Yes,Mailed check,74.99,3238.69,Yes
CUST01506,Female,0,No,No,46,Yes,Fiber optic,Two year,No,Electronic check,62.08,3017.9,No
CUST01507,Male,1,No,Yes,15,Yes,No,Month-to-month,No,Mailed check,29.55,465.95,Yes
CUST01508,Female,0,Yes,Yes,15,Yes,No,Month-to-month,Yes,Bank transfer (automatic),23.24,340.64,No
CUST01509,Male,0,Yes,No,67,Yes,No,Month-to-month,Yes,Bank transfer (automatic),19.71,1303.49,No
CUST01510,Male,0,Yes,No,42,Yes,Fiber optic,Month-to-month,No,Credit card (automatic),87.99,3721.81,Yes
CUST01511,Female,0,No,No,62,Yes,No,Month-to-month,Yes,Credit card (automatic),21.66,1121.31,No
CUST01512,Female,1,No,No,45,No,Fiber optic,Month-to-month,No,Bank transfer (automatic),98.32,4424.59,Yes
CUST01513,Male,0,Yes,Yes,33,Yes,Fiber optic,Month-to-month,Yes,Credit card (automatic),66.82,2223.2,Yes
CUST01514,Female,0,No,Yes,41,Yes,No,One year,No,Electronic check,27.08,1097.81,No
CUST01515,Female,0,Yes,No,50,Yes,Fiber optic,Month-to-month,Yes,Bank transfer (automatic),107.32,5243.53,No
CUST01516,Male,1,Yes,Yes,13,Yes,Fiber optic,One year,Yes,Bank transfer (automatic),48.25,615.26,No
CUST01517,Female,0,Yes,No,33,No,Fiber optic,One year,No,Credit card (automatic),122.36,3915.18,Yes
CUST01518,Female,0,No,No,52,Yes,DSL,Month-to-month,Yes,Credit card (automatic),52.63,2878.66,No
CUST01519,Female,1,No,No,6,Yes,Fiber optic,Month-to-month,Yes,Electronic check,94.51,546.47,Yes
CUST01520,Female,1,No,No,5,Yes,Fiber optic,One year,Yes,Credit card (automatic),72.17,195.83,Yes
CUST01521,Male,0,No,Yes,11,Yes,Fiber optic,Two year,No,Credit card (automatic),70.73,761.51,No
CUST01522,Male,0,No,Yes,43,Yes,DSL,Month-to-month,Yes,Credit card (automatic),39.43,1767.12,Yes
CUST01523,Female,1,No,Yes,17,Yes,Fiber optic,Two year,No,Mailed check,94.69,1623.82,Yes
CUST01524,Female,0,No,No,31,Yes,Fiber optic,Month-to-month,Yes,Credit card (automatic),39.79,1160.38,No
CUST01525,Male,0,Yes,No,9,Yes,Fiber optic,Month-to-month,No,Credit card (automatic),35.93,269.11,Yes
CUST01526,Female,0,No,No,18,Yes,Fiber optic,Month-to-month,Yes,Bank transfer (automatic),100.99,1794.87,Yes
CUST01527,Female,0,No,Yes,1,Yes,Fiber optic,Month-to-month,Yes,Mailed check,116.74,81.57,Yes
CUST01528,Female,0,No,No,58,Yes,Fiber optic,Month-to-month,Yes,Credit card (automatic),55.32,3107.79,No
CUST01529,Female,0,Yes,Yes,34,Yes,Fiber optic,Month-to-month,Yes,Credit card (automatic),97.08,3295.31,Yes
CUST01530,Male,0,No,No,12,Yes,Fiber optic,Month-to-month,No,Bank transfer (automatic),91.91,996.22,Yes
CUST01531,Female,0,No,No,38,Yes,Fiber optic,One year,No,Credit card (automatic),69.71,2724.9,Yes
CUST01532,Female,0,Yes,Yes,68,Yes,Fiber optic,Month-to-month,No,Electronic check,105.4,7252.89,Yes
CUST01533,Male,0,No,No,60,Yes,DSL,Two year,No,Bank transfer (automatic),67.91,3994.35,No
CUST01534,Female,0,Yes,Yes,64,Yes,,Two year,No,Electronic check,84.94,5378.83,No
CUST01535,Male,0,Yes,No,29,Yes,Fiber optic,Month-to-month,No,Mailed check,40.66,1145.3,No
CUST01536,Female,0,Yes,No,26,Yes,Fiber optic,Month-to-month,No,Electronic check,41.72,1082.2,No
CUST01537,Female,0,No,No,23,Yes,No,Month-to-month,Yes,Electronic check,19.32,464.91,No
CUST01538,Female,0,No,No,22,Yes,DSL,Two year,Yes,Mailed check,85.78,1924.2,No
CUST01539,Male,1,Yes,No,67,Yes,No,Month-to-month,Yes,Electronic check,27.58,1883.04,Yes
CUST01540,Male,0,No,Yes,10,Yes,DSL,Month-to-month,No,Electronic check,119.7,1321.31,Yes
CUST01541,Female,0,Yes,No,62,Yes,Fiber optic,Two year,Yes,Bank transfer (automatic),119.43,7409.49,No
CUST01542,Female,0,Yes,No,66,Yes,Fiber optic,Month-to-month,Yes,Electronic check,82.98,5372.48,No
CUST01543,Female,0,No,Yes,61,Yes,Fiber optic,Month-to-month,No,Electronic check,35.61,2043.48,Yes
CUST01544,Male,1,No,No,45,Yes,No,Two year,Yes,Electronic check,25.24,1266.66,No
CUST01545,Female,1,No,No,62,Yes,Fiber optic,Two year,Yes,Electronic check,51.19,3214.55,No
CUST01546,Male,0,No,No,2,Yes,DSL,Month-to-month,No,Electronic check,74.24,165.0,Yes
CUST01547,Male,0,No,Yes,59,Yes,No,Month-to-month,Yes,Credit card (automatic),18.0,1097.92,No
CUST01548,Male,0,Yes,No,37,Yes,No,Month-to-month,Yes,Bank transfer (automatic),21.3,800.92,Yes
CUST01549,Female,0,Yes,No,69,Yes,Fiber optic,Month-to-month,Yes,Mailed check,18.0,1276.66,Yes
CUST01550,Female,0,Yes,Yes,6,Yes,DSL,Month-to-month,Yes,Bank transfer (automatic),76.18,427.27,Yes
CUST01551,Female,1,No,Yes,67,Yes,DSL,Month-to-month,Yes,Electronic check,18.0,1290.42,Yes
CUST01552,Male,0,No,No,41,Yes,Fiber optic,One year,Yes,Bank transfer (automatic),63.99,2581.6,No
CUST01553,Male,0,No,No,7,Yes,No,One year,No,Credit card (automatic),26.11,110.51,No
CUST01554,Male,0,Yes,No,37,Yes,Fiber optic,Two year,No,Electronic check,53.95,1860.88,No
CUST01555,Female,0,Yes,Yes,2,Yes,Fiber optic,Two year,Yes,Electronic check,44.88,70.74,No
CUST01556,Female,0,No,No,6,Yes,DSL,Month-to-month,Yes,Bank transfer (automatic),70.3,523.2,No
CUST01557,Male,0,No,No,38,Yes,Fiber optic,Month-to-month,Yes,Electronic check,51.28,1912.05,Yes
CUST01558,Male,0,Yes,No,59,No,Fiber optic,Month-to-month,Yes,Electronic check,76.64,4411.48,No
CUST01559,Male,0,Yes,No,7,Yes,DSL,Month-to-month,Yes,Bank transfer (automatic),46.18,346.05,Yes
CUST01560,Male,0,Yes,Yes,19,Yes,DSL,Month-to-month,Yes,Bank transfer (automatic),69.39,1266.32,Yes
CUST01561,Female,0,Yes,Yes,28,Yes,DSL,One year,Yes,Electronic check,63.34,1897.38,No
CUST01562,Female,1,Yes,No,39,Yes,DSL,Month-to-month,No,Credit card (automatic),71.71,2882.66,Yes
CUST01563,Female,0,Yes,No,0,Yes,Fiber optic,Month-to-month,Yes,Electronic check,112.88,0.0,Yes
CUST01564,Male,0,No,Yes,46,Yes,Fiber optic,Month-to-month,No,Electronic check,77.0,3528.09,No
CUST01565,Male,0,Yes,No,36,Yes,Fiber optic,Two year,Yes,Bank transfer (automatic),84.61,2985.54,No
CUST01566,Female,0,Yes,No,70,Yes,Fiber optic,One year,No,Bank transfer (automatic),56.38,3853.76,No
CUST01567,Male,0,Yes,No,21,Yes,No,Month-to-month,Yes,Bank transfer (automatic),19.56,406.29,Yes
CUST01568,Male,0,No,No,36,Yes,Fiber optic,Month-to-month,No,Bank transfer (automatic),65.13,2410.14,Yes
CUST01569,Male,0,Yes,No,5,Yes,Fiber optic,Two year,No,Bank transfer (automatic),72.74,357.16,No
CUST01570,Male,1,Yes,No,66,Yes,Fiber optic,Month-to-month,Yes,Credit card (automatic),88.22,5781.23,Yes
CUST01571,Female,0,Yes,No,60,Yes,Fiber optic,One year,Yes,Bank transfer (automatic),59.49,3392.9,No
CUST01572,Female,0,No,No,25,No,Fiber optic,One year,No,Mailed check,62.05,1497.98,Yes
CUST01573,Male,0,No,No,33,Yes,Fiber optic,One year,No,Credit card (automatic),59.84,2018.86,No
CUST01574,Male,1,Yes,Yes,62,No,Fiber optic,Month-to-month,No,Electronic check,59.36,3572.96,Yes
CUST01575,Female,1,Yes,No,21,Yes,Fiber optic,Two year,Yes,Bank transfer (automatic),76.33,1705.53,Yes
CUST01576,Female,0,Yes,Yes,17,Yes,Fiber optic,Month-to-month,Yes,Electronic check,62.9,1022.61,Yes
CUST01577,Male,0,No,No,17,Yes,DSL,Month-to-month,Yes,Mailed check,109.45,1876.15,Yes
CUST01578,Male,0,No,Yes,51,Yes,Fiber optic,Month-to-month,No,Bank transfer (automatic),125.0,6343.07,Yes
CUST01579,Female,0,Yes,No,15,Yes,Fiber optic,Month-to-month,Yes,Bank transfer (automatic),57.8,772.89,No
CUST01580,Male,0,Yes,Yes,6,Yes,Fiber optic,Month-to-month,Yes,Electronic check,79.35,511.32,Yes
CUST01581,Female,0,No,No,12,Yes,Fiber optic,One year,Yes,Mailed check,97.95,1127.56,Yes
CUST01582,Female,0,No,No,71,Yes,DSL,Two year,Yes,Credit card (automatic),65.36,4573.92,Yes
CUST01583,Male,0,Yes,Yes,63,Yes,DSL,Month-to-month,No,Credit card (automatic),47.14,2779.73,No
CUST01584,Female,0,Yes,No,69,Yes,Fiber optic,Two year,Yes,Mailed check,115.45,8070.26,No
CUST01585,Male,0,Yes,No,20,Yes,Fiber optic,Two year,No,Electronic check,89.15,1783.49,No
CUST01586,Female,0,No,No,32,No,DSL,Month-to-month,Yes,Mailed check,79.97,2647.57,No
CUST01587,Male,0,No,Yes,35,Yes,DSL,One year,Yes,Mailed check,108.26,3838.72,Yes
CUST01588,Female,0,No,No,38,Yes,DSL,Two year,Yes,Electronic check,91.26,3556.39,No
CUST01589,Male,0,No,No,1,Yes,Fiber optic,Two year,Yes,Credit card (automatic),70.8,25.67,No
CUST01590,Female,0,Yes,No,43,Yes,DSL,Month-to-month,Yes,Bank transfer (automatic),47.58,1936.14,Yes
CUST01591,Male,0,Yes,No,2,Yes,Fiber optic,Two year,No,Mailed check,59.67,180.36,No
CUST01592,Female,0,Yes,Yes,20,Yes,Fiber optic,One year,Yes,Mailed check,102.12,2052.82,No
CUST01593,Female,0,No,Yes,21,No,No,Month-to-month,Yes,Electronic check,30.49,602.98,Yes
CUST01594,Female,0,No,No,49,Yes,Fiber optic,Month-to-month,No,Bank transfer (automatic),67.33,3358.59,No
CUST01595,Male,0,Yes,Yes,65,Yes,DSL,Month-to-month,Yes,Mailed check,116.16,7575.05,Yes
CUST01596,Female,0,Yes,Yes,50,Yes,Fiber optic,Month-to-month,Yes,Mailed check,68.07,3454.62,Yes
CUST01597,Male,0,No,No,31,Yes,Fiber optic,Month-to-month,Yes,Bank transfer (automatic),96.69,2915.6,Yes
CUST01598,Male,0,No,Yes,38,Yes,DSL,Month-to-month,Yes,Mailed check,77.5,3023.21,No
CUST01599,Male,0,No,Yes,37,Yes,No,Two year,Yes,Bank transfer (automatic),21.63,799.94,Yes
CUST01600,Male,0,Yes,No,10,Yes,Fiber optic,One year,Yes,Credit card (automatic),90.83,995.09,No
CUST01601,Female,0,No,No,69,Yes,DSL,Month-to-month,Yes,Mailed check,73.15,5124.81,Yes
CUST01602,Male,0,No,No,67,Yes,DSL,Month-to-month,Yes,Mailed check,67.53,4579.41,No
CUST01603,Male,0,No,No,17,Yes,No,Month-to-month,No,Credit card (automatic),26.84,447.39,Yes
CUST01604,Female,0,No,No,8,No,No,Month-to-month,No,Mailed check,26.24,266.69,Yes
CUST01605,Female,0,No,Yes,12,Yes,No,One year,Yes,Mailed check,19.21,319.38,No
CUST01606,Male,1,No,No,45,Yes,DSL,Month-to-month,Yes,Credit card (automatic),79.72,3635.94,No
CUST01607,Female,0,No,Yes,2,Yes,Fiber optic,Two year,No,Bank transfer (automatic),58.66,133.53,Yes
CUST01608,Male,0,Yes,Yes,7,Yes,DSL,Month-to-month,Yes,Credit card (automatic),58.6,467.15,No
CUST01609,Female,0,Yes,No,47,Yes,Fiber optic,Month-to-month,No,Mailed check,69.78,3237.6,Yes
CUST01610,Female,0,No,No,10,Yes,Fiber optic,Two year,Yes,Mailed check,73.31,854.22,No
CUST01611,Male,0,No,No,5,Yes,No,Month-to-month,Yes,Electronic check,18.0,0.0,Yes
CUST01612,Female,0,Yes,Yes,1,Yes,Fiber optic,Month-to-month,Yes,Electronic check,115.46,118.21,Yes
CUST01613,Male,0,Yes,Yes,51,Yes,Fiber optic,Month-to-month,No,Bank transfer (automatic),88.56,4484.08,Yes
CUST01614,Male,0,No,No,26,Yes,DSL,One year,Yes,Electronic check,124.7,3190.93,No
CUST01615,Female,0,No,No,20,Yes,Fiber optic,Month-to-month,Yes,Mailed check,61.03,1245.02,No
CUST01616,Female,0,No,No,46,Yes,DSL,Two year,Yes,Electronic check,91.59,4123.1,No
CUST01617,Male,0,Yes,Yes,12,Yes,No,One year,No,Electronic check,24.72,468.79,No
CUST01618,Male,0,No,Yes,38,Yes,DSL,Two year,Yes,Mailed check,57.97,2094.69,No
CUST01619,Female,1,No,No,35,Yes,Fiber optic,One year,No,Bank transfer (automatic),125.0,4298.9,Yes
CUST01620,Male,0,Yes,No,49,Yes,DSL,One year,Yes,Electronic check,52.8,2503.55,No
CUST01621,Female,0,Yes,Yes,45,Yes,Fiber optic,One year,Yes,Credit card (automatic),18.0,825.88,Yes
CUST01622,Female,0,No,Yes,49,Yes,DSL,Month-to-month,Yes,Electronic check,54.3,2741.86,No
CUST01623,Male,0,Yes,Yes,15,Yes,Fiber optic,One year,No,Electronic check,21.79,368.93,No
CUST01624,Female,0,No,Yes,10,Yes,Fiber optic,One year,Yes,Credit card (automatic),48.22,599.99,No
CUST01625,Male,0,No,No,38,Yes,Fiber optic,Month-to-month,Yes,,50.53,1853.96,No
CUST01626,Male,0,No,Yes,4,Yes,No,One year,No,Mailed check,27.86,164.14,No
CUST01627,Male,0,Yes,No,33,Yes,DSL,Month-to-month,Yes,Mailed check,20.76,660.8,No
CUST01628,Male,0,No,No,45,No,Fiber optic,Month-to-month,Yes,Credit card (automatic),101.9,4603.75,Yes
CUST01629,Female,0,Yes,No,59,Yes,No,Month-to-month,Yes,Bank transfer (automatic),30.47,1886.42,Yes
CUST01630,Female,0,No,No,47,Yes,DSL,Month-to-month,No,Electronic check,68.81,3098.69,No
CUST01631,Male,0,Yes,Yes,72,Yes,No,Month-to-month,Yes,Electronic check,30.07,2324.32,No
CUST01632,Male,0,No,Yes,40,Yes,No,Month-to-month,No,Electronic check,25.19,995.98,No
CUST01633,Female,0,No,No,32,Yes,No,Month-to-month,No,Credit card (automatic),24.63,659.63,No
CUST01634,Male,0,Yes,No,17,Yes,Fiber optic,Month-to-month,Yes,Bank transfer (automatic),101.67,1672.96,Yes
CUST01635,Female,0,Yes,Yes,49,Yes,Fiber optic,Month-to-month,Yes,Electronic check,62.96,3093.22,Yes
CUST01636,Male,0,No,No,59,Yes,,Month-to-month,No,Electronic check,60.38,3506.97,Yes
CUST01637,Female,0,Yes,Yes,23,Yes,Fiber optic,Two year,No,Electronic check,82.32,1729.53,Yes
CUST01638,Male,1,Yes,Yes,5,Yes,No,Two year,No,Bank transfer (automatic),23.13,123.39,Yes
CUST01639,Female,0,Yes,No,0,No,DSL,Month-to-month,Yes,Credit card (automatic),92.63,0.0,Yes
CUST01640,Female,0,No,No,46,No,Fiber optic,Month-to-month,No,Bank transfer (automatic),80.05,3734.39,Yes
CUST01641,Male,0,No,No,48,Yes,Fiber optic,Month-to-month,No,Credit card (automatic),77.82,3649.89,Yes
CUST01642,Female,1,Yes,No,8,Yes,DSL,Month-to-month,No,Electronic check,71.09,749.64,No
CUST01643,Female,0,No,Yes,1,Yes,Fiber optic,Month-to-month,Yes,Bank transfer (automatic),82.25,123.34,Yes
CUST01644,Male,0,Yes,Yes,47,Yes,Fiber optic,One year,No,Mailed check,122.87,5790.63,No
CUST01645,Female,1,Yes,No,29,Yes,Fiber optic,One year,No,Electronic check,65.94,1962.11,No
CUST01646,Female,0,Yes,No,30,Yes,Fiber optic,Month-to-month,No,Mailed check,62.89,1740.98,No
CUST01647,Female,1,Yes,No,19,Yes,Fiber optic,One year,No,Credit card (automatic),60.97,1118.67,No
CUST01648,Male,0,Yes,Yes,52,Yes,No,Month-to-month,No,Electronic check,23.98,1389.6,No
CUST01649,Male,0,No,No,54,Yes,Fiber optic,Two year,Yes,Mailed check,18.96,998.23,No
CUST01650,Male,0,Yes,No,3,Yes,Fiber optic,Two year,Yes,Credit card (automatic),68.62,200.83,No
CUST01651,Female,0,No,No,6,Yes,DSL,Month-to-month,Yes,Credit card (automatic),94.02,526.8,No
CUST01652,Female,1,Yes,No,40,Yes,Fiber optic,One year,No,Mailed check,58.84,2470.76,No
CUST01653,Female,0,Yes,No,44,Yes,No,Two year,Yes,Electronic check,26.05,1126.63,No
CUST01654,Male,1,Yes,No,10,Yes,DSL,Month-to-month,No,Credit card (automatic),124.73,1147.15,Yes
CUST01655,Female,0,No,No,11,Yes,Fiber optic,Month-to-month,No,Electronic check,80.29,1089.5,Yes
CUST01656,Female,0,No,Yes,49,Yes,Fiber optic,One year,No,Electronic check,18.0,772.0,Yes
CUST01657,Male,1,Yes,No,33,Yes,Fiber optic,Month-to-month,No,Electronic check,36.75,1204.96,Yes
CUST01658,Male,0,Yes,No,8,Yes,No,Month-to-month,No,Mailed check,24.84,131.38,Yes
CUST01659,Male,1,Yes,No,44,Yes,Fiber optic,One year,Yes,Bank transfer (automatic),51.9,2227.47,Yes
CUST01660,Female,0,No,No,5,No,No,Month-to-month,Yes,Credit card (automatic),26.73,48.86,Yes
CUST01661,Male,0,Yes,No,16,Yes,Fiber optic,Month-to-month,Yes,Mailed check,64.64,991.04,No
CUST01662,Male,0,No,Yes,52,Yes,Fiber optic,Two year,No,Credit card (automatic),101.15,5338.52,No
CUST01663,Female,0,Yes,No,16,Yes,No,Month-to-month,Yes,Bank transfer (automatic),26.66,274.4,Yes
CUST01664,Male,0,Yes,No,4,Yes,Fiber optic,Month-to-month,Yes,Bank transfer (automatic),66.81,368.1,Yes
CUST01665,Male,0,No,No,70,Yes,DSL,One year,No,Electronic check,77.43,5507.17,No
CUST01666,Female,0,Yes,No,16,Yes,Fiber optic,Month-to-month,Yes,Electronic check,80.53,1329.2,Yes
CUST01667,Male,0,Yes,No,37,Yes,Fiber optic,One year,No,Bank transfer (automatic),75.67,2809.88,No
CUST01668,Male,1,No,Yes,60,Yes,Fiber optic,One year,Yes,Bank transfer (automatic),18.0,1102.13,No
CUST01669,Male,0,Yes,No,72,Yes,Fiber optic,Month-to-month,No,Electronic check,74.08,5447.63,No
CUST01670,Male,0,Yes,No,59,Yes,Fiber optic,Month-to-month,Yes,Mailed check,68.23,3885.91,Yes
CUST01671,Male,1,Yes,No,24,Yes,Fiber optic,Two year,No,Mailed check,93.6,2304.58,No
CUST01672,Male,0,No,No,62,Yes,DSL,Two year,No,Mailed check,90.07,5524.65,Yes
CUST01673,Female,0,No,No,0,Yes,Fiber optic,Month-to-month,Yes,Electronic check,78.02,66.06,No
CUST01674,Male,0,Yes,No,23,Yes,Fiber optic,Month-to-month,Yes,Electronic check,79.83,1787.0,No
CUST01675,Male,0,No,No,14,Yes,DSL,Month-to-month,No,Electronic check,105.81,1537.89,Yes
CUST01676,Male,0,No,Yes,38,Yes,Fiber optic,Two year,Yes,Credit card (automatic),100.76,3705.0,No
CUST01677,Female,0,No,Yes,65,Yes,Fiber optic,Two year,No,Credit card (automatic),78.88,4991.79,No
CUST01678,Female,0,No,No,56,No,Fiber optic,Month-to-month,Yes,Electronic check,125.0,6990.95,No
CUST01679,Male,0,No,Yes,72,Yes,Fiber optic,Two year,No,Electronic check,56.3,4168.44,No
CUST01680,Male,0,No,No,9,Yes,DSL,Month-to-month,Yes,Mailed check,42.36,424.14,No
CUST01681,Male,0,Yes,Yes,54,Yes,Fiber optic,Month-to-month,Yes,Electronic check,71.73,3915.75,No
CUST01682,Female,0,Yes,No,52,Yes,Fiber optic,One year,Yes,Credit card (automatic),62.65,3326.62,No
CUST01683,Female,0,No,Yes,33,Yes,Fiber optic,Month-to-month,Yes,Mailed check,18.0,562.24,Yes
CUST01684,Male,1,Yes,Yes,7,No,DSL,One year,Yes,Credit card (automatic),55.69,438.69,Yes
CUST01685,Female,0,No,No,7,Yes,No,Month-to-month,No,Electronic check,20.36,96.15,No
CUST01686,Male,0,Yes,No,66,Yes,DSL,Two year,No,Credit card (automatic),70.55,4631.18,No
CUST01687,Female,0,No,Yes,21,Yes,DSL,Two year,No,Credit card (automatic),52.59,1089.2,No
CUST01688,Female,0,Yes,Yes,46,Yes,Fiber optic,Month-to-month,No,Bank transfer (automatic),73.06,3317.12,Yes
CUST01689,Male,0,No,Yes,69,Yes,Fiber optic,Month-to-month,No,Credit card (automatic),75.08,5175.24,No
CUST01690,Female,0,Yes,No,36,Yes,Fiber optic,One year,Yes,Mailed check,89.88,3215.32,No
CUST01691,Male,1,Yes,Yes,15,Yes,DSL,Month-to-month,No,Electronic check,55.96,782.79,Yes
CUST01692,Male,0,No,No,35,Yes,Fiber optic,Two year,Yes,Mailed check,93.85,3273.5,No
CUST01693,Male,0,No,No,16,Yes,Fiber optic,One year,Yes,Credit card (automatic),44.73,728.1,Yes
CUST01694,Female,0,No,No,13,Yes,No,Month-to-month,No,Credit card (automatic),28.65,284.46,Yes
CUST01695,Female,0,No,No,59,Yes,No,Two year,No,Mailed check,28.15,1694.25,No
CUST01696,Male,0,Yes,Yes,25,Yes,Fiber optic,Month-to-month,Yes,Bank transfer (automatic),46.4,1120.51,No
CUST01697,Female,0,No,No,49,Yes,DSL,Month-to-month,Yes,Electronic check,55.53,2736.83,No
CUST01698,Female,0,Yes,No,53,Yes,DSL,Month-to-month,No,Electronic check,40.67,2102.29,No
CUST01699,Female,1,No,Yes,40,Yes,No,One year,No,Bank transfer (automatic),18.0,804.04,No
CUST01700,Male,1,Yes,No,39,Yes,Fiber optic,Two year,Yes,Mailed check,75.46,3019.43,No
CUST01701,Female,0,Yes,No,13,Yes,Fiber optic,Month-to-month,No,Electronic check,89.66,1081.63,Yes
CUST01702,Female,0,No,No,38,Yes,No,Month-to-month,Yes,Credit card (automatic),25.26,1001.88,Yes
CUST01703,Male,0,No,No,54,Yes,No,Month-to-month,Yes,Bank transfer (automatic),18.0,1087.7,Yes
CUST01704,Female,1,Yes,Yes,14,Yes,Fiber optic,One year,No,Bank transfer (automatic),40.93,497.17,No
CUST01705,Male,0,No,No,16,Yes,No,Month-to-month,Yes,Electronic check,20.44,257.52,Yes
CUST01706,Male,0,No,No,50,Yes,DSL,Month-to-month,No,Electronic check,33.35,1726.3,Yes
CUST01707,Male,0,Yes,No,71,Yes,Fiber optic,Month-to-month,Yes,Bank transfer (automatic),90.41,6314.54,No
CUST01708,Male,0,No,Yes,28,Yes,No,Month-to-month,No,Credit card (automatic),23.74,602.52,Yes
CUST01709,Female,0,Yes,Yes,60,Yes,DSL,One year,Yes,Electronic check,70.99,4178.23,No
CUST01710,Female,1,Yes,No,13,Yes,DSL,Month-to-month,No,Credit card (automatic),83.04,1139.32,No
CUST01711,Female,0,No,Yes,41,Yes,Fiber optic,Month-to-month,No,Credit card (automatic),93.91,3794.92,Yes
CUST01712,Female,1,Yes,Yes,68,Yes,,Month-to-month,Yes,Credit card (automatic),74.53,5045.27,Yes
CUST01713,Male,0,Yes,No,32,Yes,DSL,Month-to-month,No,Bank transfer (automatic),106.84,3359.01,Yes
CUST01714,Male,0,No,No,36,Yes,DSL,Month-to-month,Yes,Mailed check,46.41,1762.64,No
CUST01715,Male,0,Yes,Yes,11,Yes,DSL,Month-to-month,Yes,Credit card (automatic),63.28,627.33,No
CUST01716,Male,0,No,No,38,Yes,DSL,Month-to-month,No,Mailed check,60.31,2179.17,No
CUST01717,Male,0,No,No,42,Yes,No,Month-to-month,No,Electronic check,29.15,1108.56,Yes
CUST01718,Female,0,Yes,No,71,Yes,Fiber optic,Month-to-month,No,Mailed check,36.15,2622.14,Yes
CUST01719,Female,0,No,Yes,14,Yes,Fiber optic,One year,No,Mailed check,108.2,1576.07,No
CUST01720,Male,0,Yes,Yes,26,No,DSL,Month-to-month,Yes,Bank transfer (automatic),86.04,2336.92,No
CUST01721,Female,0,No,No,47,Yes,Fiber optic,Month-to-month,Yes,Credit card (automatic),115.76,5339.84,Yes
CUST01722,Male,0,Yes,Yes,68,Yes,DSL,One year,Yes,Mailed check,70.99,4808.82,No
CUST01723,Male,0,No,No,17,Yes,No,Month-to-month,Yes,Electronic check,31.46,729.0,Yes
CUST01724,Male,1,Yes,Yes,50,Yes,No,Month-to-month,No,Credit card (automatic),38.37,1894.31,Yes
CUST01725,Male,0,No,No,64,Yes,Fiber optic,Two year,Yes,Electronic check,97.76,6211.57,No
CUST01726,Male,0,Yes,No,46,Yes,No,Month-to-month,Yes,Electronic check,21.69,996.06,No
CUST01727,Male,0,Yes,No,31,Yes,DSL,Two year,Yes,Credit card (automatic),22.06,726.26,Yes
CUST01728,Male,0,Yes,No,17,Yes,DSL,Month-to-month,Yes,Credit card (automatic),26.34,488.84,No
CUST01729,Female,0,No,No,21,Yes,Fiber optic,Two year,No,Bank transfer (automatic),78.53,1599.98,No
CUST01730,Female,1,No,No,3,Yes,Fiber optic,Two year,Yes,Mailed check,110.5,284.7,No
CUST01731,Male,0,Yes,No,11,Yes,No,Month-to-month,No,Bank transfer (automatic),21.62,214.1,Yes
CUST01732,Male,0,Yes,No,31,Yes,DSL,Month-to-month,No,Credit card (automatic),65.19,1962.48,Yes
CUST01733,Male,0,Yes,No,10,No,Fiber optic,One year,Yes,Credit card (automatic),63.29,534.12,Yes
CUST01734,Male,0,Yes,No,0,Yes,DSL,Month-to-month,No,Electronic check,120.01,144.64,Yes
CUST01735,Male,0,No,No,50,Yes,DSL,Month-to-month,No,Credit card (automatic),125.0,6217.45,No
CUST01736,Male,0,No,Yes,5,No,Fiber optic,Two year,Yes,Bank transfer (automatic),82.61,385.03,No
CUST01737,Male,0,No,No,10,Yes,No,One year,No,Electronic check,27.56,250.07,No
CUST01738,Female,0,Yes,No,43,Yes,Fiber optic,Two year,Yes,Electronic check,93.75,4024.81,No
CUST01739,Female,0,Yes,No,67,Yes,Fiber optic,Two year,Yes,Electronic check,39.99,2714.11,No
CUST01740,Female,0,No,No,52,Yes,DSL,Two year,No,Credit card (automatic),89.46,4614.7,Yes
CUST01741,Female,0,Yes,No,2,Yes,DSL,One year,No,Mailed check,46.51,184.17,Yes
CUST01742,Male,0,No,No,12,Yes,DSL,One year,No,Bank transfer (automatic),67.71,860.35,No
CUST01743,Female,0,Yes,Yes,54,No,Fiber optic,Two year,No,Electronic check,100.49,5411.19,No
CUST01744,Female,0,Yes,No,53,Yes,DSL,One year,No,Credit card (automatic),74.02,3869.76,No
CUST01745,Female,0,No,Yes,28,Yes,DSL,Month-to-month,Yes,Mailed check,99.56,2874.47,No
CUST01746,Male,0,Yes,No,69,No,Fiber optic,One year,Yes,Credit card (automatic),104.48,7196.16,No
CUST01747,Male,0,No,Yes,64,Yes,Fiber optic,Month-to-month,Yes,Bank transfer (automatic),28.08,1697.7,No
CUST01748,Female,0,Yes,No,54,Yes,Fiber optic,Two year,Yes,Credit card (automatic),18.0,1053.69,No
CUST01749,Male,1,Yes,Yes,54,Yes,DSL,One year,No,Bank transfer (automatic),101.05,5398.59,No
CUST01750,Male,0,Yes,No,57,Yes,Fiber optic,Month-to-month,Yes,Bank transfer (automatic),102.06,5886.9,Yes
CUST01751,Male,0,Yes,No,10,Yes,Fiber optic,Month-to-month,Yes,Credit card (automatic),78.41,582.96,No
CUST01752,Male,0,No,No,51,Yes,DSL,Month-to-month,Yes,Mailed check,81.81,4142.82,No
CUST01753,Male,0,Yes,Yes,68,Yes,Fiber optic,Month-to-month,Yes,Credit card (automatic),94.33,6507.24,Yes
CUST01754,Female,0,No,Yes,16,Yes,DSL,One year,Yes,Electronic check,93.86,1502.17,No
CUST01755,Male,0,No,No,1,Yes,No,One year,Yes,Bank transfer (automatic),26.9,74.75,No
CUST01756,Female,0,Yes,No,26,Yes,No,Month-to-month,Yes,Credit card (automatic),27.2,635.05,No
CUST01757,Female,0,Yes,No,19,No,DSL,Month-to-month,Yes,Credit card (automatic),63.34,1231.28,Yes
CUST01758,Male,0,Yes,No,69,Yes,Fiber optic,Month-to-month,Yes,Mailed check,78.09,5388.51,No
CUST01759,Male,0,No,No,32,Yes,Fiber optic,Month-to-month,No,Mailed check,77.0,2483.47,Yes
CUST01760,Male,0,No,No,48,Yes,No,Two year,Yes,Credit card (automatic),18.72,1061.7,No
CUST01761,Female,0,Yes,No,71,Yes,Fiber optic,Two year,Yes,Electronic check,53.43,3897.9,No
CUST01762,Female,1,No,No,57,Yes,Fiber optic,One year,Yes,Credit card (automatic),125.0,7188.36,Yes
CUST01763,Female,0,Yes,No,54,Yes,DSL,Month-to-month,No,Electronic check,49.7,2748.17,Yes
CUST01764,Male,0,Yes,No,70,Yes,DSL,Month-to-month,Yes,Electronic check,81.25,5614.77,No
CUST01765,Male,0,Yes,Yes,50,No,Fiber optic,Two year,Yes,Credit card (automatic),86.49,4286.8,No
CUST01766,Male,0,No,Yes,16,Yes,Fiber optic,Two year,No,Mailed check,70.64,1007.63,No
CUST01767,Male,1,Yes,No,53,Yes,Fiber optic,Month-to-month,No,Mailed check,88.79,4604.3,Yes
CUST01768,Female,0,Yes,No,23,Yes,No,One year,Yes,Electronic check,18.0,343.08,No
CUST01769,Female,0,Yes,No,24,Yes,Fiber optic,Month-to-month,Yes,Credit card (automatic),50.24,1203.43,No
CUST01770,Female,0,No,No,47,Yes,Fiber optic,Month-to-month,Yes,Bank transfer (automatic),85.42,3916.74,Yes
CUST01771,Female,0,Yes,Yes,23,Yes,No,Two year,Yes,Credit card (automatic),22.6,516.67,No
CUST01772,Female,0,Yes,Yes,1,Yes,Fiber optic,Two year,Yes,Mailed check,115.52,103.2,Yes
CUST01773,Female,0,Yes,No,72,Yes,No,Two year,No,Mailed check,27.03,1855.42,Yes
CUST01774,Female,0,No,No,41,Yes,No,Month-to-month,Yes,Electronic check,20.93,980.18,No
CUST01775,Male,0,Yes,Yes,48,Yes,Fiber optic,Month-to-month,Yes,Mailed check,80.56,3760.92,Yes
CUST01776,Female,0,No,No,59,Yes,Fiber optic,Two year,Yes,Electronic check,48.88,2973.31,No
CUST01777,Female,0,Yes,No,46,Yes,Fiber optic,One year,Yes,Electronic check,78.44,3427.9,Yes
CUST01778,Female,1,Yes,No,44,Yes,DSL,Month-to-month,Yes,Mailed check,66.36,2908.46,Yes
CUST01779,Female,0,No,No,57,Yes,Fiber optic,Month-to-month,Yes,Bank transfer (automatic),51.33,2830.0,No
CUST01780,Male,0,No,No,21,No,Fiber optic,Month-to-month,Yes,Mailed check,51.01,1018.85,No
CUST01781,Female,0,Yes,No,60,Yes,Fiber optic,One year,Yes,Bank transfer (automatic),125.0,7644.81,No
CUST01782,Female,0,No,No,52,Yes,DSL,Two year,Yes,Mailed check,74.28,3834.8,No
CUST01783,Female,0,No,No,13,Yes,Fiber optic,Month-to-month,No,Bank transfer (automatic),61.21,707.37,Yes
CUST01784,Male,0,Yes,No,10,Yes,Fiber optic,Month-to-month,Yes,Credit card (automatic),56.88,607.81,No
CUST01785,Male,1,No,Yes,64,Yes,Fiber optic,Month-to-month,Yes,Credit card (automatic),83.78,5333.46,Yes
CUST01786,Female,0,No,No,65,Yes,DSL,One year,No,Credit card (automatic),56.04,3654.66,No
CUST01787,Female,0,Yes,No,72,Yes,Fiber optic,Month-to-month,No,Electronic check,44.63,3140.2,No
CUST01788,Female,0,No,No,7,Yes,DSL,Month-to-month,Yes,Mailed check,71.19,429.11,Yes
CUST01789,Female,0,Yes,Yes,65,Yes,DSL,One year,Yes,Credit card (automatic),71.0,4551.99,No
CUST01790,Male,0,Yes,No,63,Yes,Fiber optic,Month-to-month,Yes,Credit card (automatic),61.57,3942.78,Yes
CUST01791,Male,0,No,Yes,56,Yes,No,One year,Yes,Bank transfer (automatic),21.22,1170.17,No
CUST01792,Male,1,No,No,36,Yes,Fiber optic,Month-to-month,No,Mailed check,62.23,2156.42,Yes
CUST01793,Female,0,No,No,37,Yes,Fiber optic,Month-to-month,Yes,Credit card (automatic),60.26,2242.57,Yes
CUST01794,Female,0,No,No,31,Yes,No,One year,Yes,Credit card (automatic),18.0,564.36,No
CUST01795,Female,0,No,No,2,Yes,Fiber optic,One year,Yes,Mailed check,78.91,203.71,Yes
CUST01796,Female,1,Yes,Yes,36,Yes,No,One year,Yes,Electronic check,29.28,1015.54,No
CUST01797,Male,0,No,No,17,Yes,DSL,Month-to-month,Yes,Credit card (automatic),105.29,1783.72,Yes
CUST01798,Female,0,No,No,14,Yes,Fiber optic,Month-to-month,Yes,Bank transfer (automatic),120.55,1721.43,Yes
CUST01799,Female,1,No,No,4,Yes,DSL,Month-to-month,Yes,Electronic check,57.81,150.49,Yes
CUST01800,Male,0,Yes,No,33,Yes,Fiber optic,Month-to-month,No,Electronic check,113.87,3828.61,Yes
CUST01801,Female,1,Yes,No,3,Yes,No,Month-to-month,No,Bank transfer (automatic),31.58,96.06,Yes
CUST01802,Female,0,Yes,No,62,Yes,Fiber optic,Month-to-month,No,Bank transfer (automatic),96.66,5904.84,No
CUST01803,Female,0,Yes,No,64,Yes,Fiber optic,Month-to-month,No,Credit card (automatic),83.44,5251.49,No
CUST01804,Female,0,Yes,No,58,Yes,,One year,No,Electronic check,63.42,,No
CUST01805,Female,0,No,No,21,Yes,No,Month-to-month,No,Electronic check,35.77,707.15,No
CUST01806,Female,0,No,No,11,Yes,Fiber optic,Two year,Yes,Bank transfer (automatic),84.12,985.69,No
CUST01807,Female,0,Yes,No,36,Yes,DSL,One year,Yes,Electronic check,27.8,977.86,No
CUST01808,Female,0,Yes,No,49,Yes,No,Month-to-month,Yes,Mailed check,22.47,1125.27,No
CUST01809,Female,0,No,No,1,Yes,Fiber optic,One year,No,Bank transfer (automatic),93.81,25.92,Yes
CUST01810,Male,0,Yes,No,62,Yes,Fiber optic,Month-to-month,No,Electronic check,78.94,4892.44,Yes
CUST01811,Female,0,No,No,32,No,DSL,Two year,Yes,Credit card (automatic),83.74,2784.92,No
CUST01812,Male,0,Yes,Yes,59,Yes,DSL,Two year,No,Electronic check,53.21,3127.54,No
CUST01813,Male,0,Yes,No,5,No,Fiber optic,Two year,No,Credit card (automatic),78.41,347.81,No
CUST01814,Female,1,Yes,No,31,No,Fiber optic,One year,No,Bank transfer (automatic),69.59,2088.19,No
CUST01815,Male,0,No,No,33,Yes,No,Two year,Yes,Bank transfer (automatic),30.15,993.45,No
CUST01816,Female,0,Yes,Yes,3,Yes,DSL,One year,Yes,Credit card (automatic),55.02,277.81,No
CUST01817,Female,0,No,Yes,51,Yes,Fiber optic,Two year,Yes,Electronic check,94.87,4729.28,Yes
CUST01818,Female,0,Yes,No,67,Yes,Fiber optic,Month-to-month,Yes,Credit card (automatic),80.64,5398.89,Yes
CUST01819,Female,0,Yes,Yes,39,Yes,Fiber optic,Two year,No,Electronic check,78.11,2909.18,Yes
CUST01820,Female,0,No,No,28,Yes,Fiber optic,One year,Yes,Credit card (automatic),123.27,3418.73,Yes
CUST01821,Female,0,Yes,No,46,Yes,Fiber optic,Month-to-month,Yes,Electronic check,83.84,3877.66,No
CUST01822,Male,1,Yes,No,26,Yes,Fiber optic,Two year,Yes,Bank transfer (automatic),102.01,2525.83,Yes
CUST01823,Female,0,No,Yes,26,Yes,No,One year,Yes,Electronic check,22.78,556.7,Yes
CUST01824,Male,0,No,No,55,Yes,DSL,Two year,Yes,Mailed check,63.17,3497.59,No
CUST01825,Male,1,Yes,No,43,Yes,Fiber optic,Month-to-month,No,Electronic check,45.52,1967.85,Yes
CUST01826,Male,1,Yes,No,19,Yes,Fiber optic,Month-to-month,Yes,Electronic check,78.03,1509.69,Yes
CUST01827,Female,0,No,Yes,29,Yes,DSL,One year,No,Electronic check,18.0,444.03,No
CUST01828,Male,0,No,Yes,60,Yes,DSL,Month-to-month,Yes,Electronic check,78.81,4751.81,No
CUST01829,Male,0,No,No,38,Yes,No,One year,Yes,Bank transfer (automatic),21.82,781.16,No
CUST01830,Male,0,No,No,5,Yes,DSL,One year,No,Mailed check,66.56,389.92,No
CUST01831,Female,0,No,Yes,62,Yes,DSL,Month-to-month,No,Electronic check,69.69,4135.93,No
CUST01832,Male,0,Yes,No,54,Yes,Fiber optic,One year,No,Credit card (automatic),40.72,2175.71,No
CUST01833,Male,0,Yes,Yes,19,Yes,DSL,Month-to-month,No,Bank transfer (automatic),106.64,2034.07,No
CUST01834,Female,0,No,No,70,Yes,DSL,Two year,Yes,Electronic check,63.57,4557.85,No
CUST01835,Female,0,No,Yes,69,Yes,DSL,Two year,No,Mailed check,47.7,3298.24,No
CUST01836,Female,0,No,No,72,Yes,DSL,Month-to-month,Yes,Mailed check,85.62,6179.7,Yes
CUST01837,Male,0,No,No,27,Yes,Fiber optic,Month-to-month,No,Bank transfer (automatic),74.77,2048.83,No
CUST01838,Female,0,Yes,Yes,67,No,Fiber optic,Month-to-month,No,Credit card (automatic),63.04,4323.93,No
CUST01839,Female,0,No,No,58,Yes,Fiber optic,Month-to-month,No,Bank transfer (automatic),60.4,3472.65,No
CUST01840,Male,1,No,Yes,63,Yes,Fiber optic,Two year,No,Credit card (automatic),71.86,4414.93,No
CUST01841,Female,1,Yes,No,39,No,Fiber optic,Month-to-month,No,Bank transfer (automatic),105.65,3992.79,Yes
CUST01842,Female,1,No,Yes,20,Yes,DSL,Month-to-month,Yes,Credit card (automatic),83.74,1727.94,No
CUST01843,Male,1,No,Yes,16,Yes,Fiber optic,Month-to-month,Yes,Bank transfer (automatic),71.14,1156.1,No
CUST01844,Male,1,Yes,No,70,Yes,Fiber optic,One year,No,Bank transfer (automatic),93.31,6511.19,No
CUST01845,Male,0,No,Yes,36,Yes,Fiber optic,Two year,No,Bank transfer (automatic),72.69,2569.95,No
CUST01846,Male,0,No,No,67,Yes,Fiber optic,Month-to-month,Yes,Bank transfer (automatic),82.04,,Yes
CUST01847,Female,0,No,Yes,40,Yes,DSL,Month-to-month,No,Electronic check,75.78,3047.98,No
CUST01848,Male,0,Yes,No,39,Yes,No,Month-to-month,Yes,Electronic check,24.3,986.09,No
CUST01849,Male,0,No,No,5,Yes,No,Month-to-month,No,Electronic check,29.25,57.56,Yes
CUST01850,Female,0,Yes,No,29,Yes,No,Month-to-month,No,Electronic check,29.6,717.26,No
CUST01851,Female,1,No,Yes,40,Yes,DSL,One year,Yes,Credit card (automatic),94.67,3713.72,No
CUST01852,Female,0,Yes,Yes,7,Yes,Fiber optic,Month-to-month,Yes,Bank transfer (automatic),109.62,659.25,Yes
CUST01853,Female,1,No,No,11,Yes,Fiber optic,Month-to-month,No,Electronic check,44.7,379.47,Yes
CUST01854,Female,0,No,No,43,Yes,DSL,One year,Yes,Mailed check,76.48,3414.22,No
CUST01855,Female,0,No,No,18,Yes,No,Two year,No,Electronic check,20.34,184.76,No
CUST01856,Male,0,No,Yes,51,Yes,Fiber optic,Month-to-month,Yes,Credit card (automatic),94.08,4835.66,Yes
CUST01857,Female,0,Yes,Yes,33,Yes,DSL,Month-to-month,Yes,Credit card (automatic),78.17,2652.17,No
CUST01858,Male,0,No,No,29,Yes,No,One year,Yes,Electronic check,21.29,696.41,Yes
CUST01859,Male,0,Yes,No,8,Yes,DSL,Month-to-month,No,Mailed check,64.46,537.86,Yes
CUST01860,Male,1,No,No,29,Yes,Fiber optic,Two year,Yes,Credit card (automatic),110.43,3308.06,No
CUST01861,Male,0,Yes,Yes,39,No,DSL,Two year,No,Bank transfer (automatic),112.87,4544.6,No
CUST01862,Female,0,No,Yes,41,No,DSL,Two year,No,Credit card (automatic),85.34,3474.76,No
CUST01863,Male,0,Yes,No,19,Yes,No,Month-to-month,No,Mailed check,24.95,509.85,No
CUST01864,Female,0,No,No,2,Yes,Fiber optic,Month-to-month,Yes,Electronic check,74.37,250.8,No
CUST01865,Male,0,No,Yes,68,Yes,DSL,Two year,Yes,Bank transfer (automatic),72.26,4844.72,No
CUST01866,Female,0,Yes,No,69,Yes,Fiber optic,Month-to-month,No,Electronic check,100.33,6903.18,Yes
CUST01867,Female,0,Yes,No,66,Yes,No,Month-to-month,Yes,Credit card (automatic),30.1,1936.53,Yes
CUST01868,Male,0,No,No,21,Yes,No,One year,No,Bank transfer (automatic),31.78,704.26,No
CUST01869,Female,0,No,No,43,Yes,No,Month-to-month,No,Electronic check,20.32,721.91,Yes
CUST01870,Male,0,Yes,No,10,Yes,No,One year,No,Mailed check,29.81,413.03,No
CUST01871,Female,0,Yes,No,66,Yes,Fiber optic,Two year,No,Credit card (automatic),93.47,6211.72,No
CUST01872,Female,0,Yes,No,0,Yes,Fiber optic,One year,No,Credit card (automatic),98.57,47.2,Yes
CUST01873,Male,0,No,No,34,Yes,No,Month-to-month,No,Mailed check,30.28,840.45,No
CUST01874,Male,0,No,Yes,62,Yes,DSL,Two year,No,Credit card (automatic),97.75,5977.29,No
CUST01875,Female,0,Yes,No,52,Yes,DSL,One year,Yes,Electronic check,32.41,1804.56,Yes
CUST01876,Female,0,No,No,63,Yes,Fiber optic,Month-to-month,Yes,Credit card (automatic),72.6,4559.61,No
CUST01877,Female,0,No,No,36,Yes,DSL,One year,Yes,Bank transfer (automatic),68.84,2340.31,No
CUST01878,Male,0,No,No,6,Yes,Fiber optic,Month-to-month,No,Electronic check,74.19,462.87,Yes
CUST01879,Male,0,Yes,No,0,Yes,No,Month-to-month,No,Bank transfer (automatic),26.83,54.33,Yes
CUST01880,Female,1,Yes,No,11,Yes,Fiber optic,One year,No,Bank transfer (automatic),70.07,813.29,Yes
CUST01881,Female,0,Yes,No,4,Yes,Fiber optic,Month-to-month,Yes,Bank transfer (automatic),62.31,237.21,Yes
CUST01882,Female,1,Yes,No,32,Yes,Fiber optic,Month-to-month,No,Mailed check,69.28,2307.81,No
CUST01883,Female,0,Yes,No,3,Yes,Fiber optic,One year,Yes,Bank transfer (automatic),106.08,262.08,Yes
CUST01884,Male,0,Yes,No,13,No,DSL,Month-to-month,No,Credit card (automatic),57.53,791.1,Yes
CUST01885,Male,0,Yes,Yes,30,Yes,DSL,Month-to-month,Yes,Mailed check,125.0,3760.8,No
CUST01886,Female,0,No,No,53,Yes,Fiber optic,Month-to-month,No,Electronic check,56.12,2963.71,No
CUST01887,Male,1,Yes,No,49,No,Fiber optic,One year,No,Credit card (automatic),78.0,3791.68,No
CUST01888,Female,0,No,Yes,4,Yes,Fiber optic,Two year,Yes,Bank transfer (automatic),86.28,317.63,No
CUST01889,Female,0,Yes,No,65,Yes,DSL,Month-to-month,Yes,Mailed check,64.71,4208.73,No
CUST01890,Female,0,No,No,40,Yes,DSL,One year,Yes,Credit card (automatic),106.56,4238.98,No
CUST01891,Female,0,Yes,Yes,25,Yes,Fiber optic,Month-to-month,Yes,Electronic check,85.63,2199.4,Yes
CUST01892,Female,0,No,Yes,27,Yes,Fiber optic,Month-to-month,Yes,Credit card (automatic),66.88,1762.88,Yes
CUST01893,Male,1,No,Yes,61,Yes,Fiber optic,Month-to-month,Yes,Mailed check,106.28,6608.54,Yes
CUST01894,Male,0,Yes,No,33,Yes,No,Month-to-month,Yes,Electronic check,18.0,547.55,Yes
CUST01895,Female,0,No,No,17,Yes,Fiber optic,Month-to-month,Yes,Credit card (automatic),57.86,1057.23,Yes
CUST01896,Male,0,Yes,No,31,Yes,DSL,One year,No,Credit card (automatic),86.06,2744.92,No
CUST01897,Male,0,No,Yes,4,Yes,Fiber optic,Two year,Yes,Electronic check,92.04,381.43,Yes
CUST01898,Male,0,Yes,Yes,11,Yes,DSL,Two year,Yes,Credit card (automatic),80.07,886.91,No
CUST01899,Male,1,Yes,No,22,Yes,DSL,Two year,No,Credit card (automatic),68.82,1455.72,No
CUST01900,Female,0,Yes,Yes,16,No,Fiber optic,Month-to-month,Yes,Credit card (automatic),65.71,1009.99,Yes
CUST01901,Male,0,No,No,25,Yes,DSL,Month-to-month,No,Electronic check,100.29,2524.83,Yes
CUST01902,Male,0,Yes,No,4,Yes,DSL,Month-to-month,No,Electronic check,78.01,308.43,Yes
CUST01903,Male,0,No,No,44,Yes,No,Month-to-month,No,Bank transfer (automatic),28.41,1344.69,Yes
CUST01904,Female,0,Yes,No,8,Yes,Fiber optic,Two year,Yes,Credit card (automatic),48.75,353.63,Yes
CUST01905,Female,0,Yes,No,15,Yes,No,Month-to-month,Yes,Electronic check,21.29,287.82,No
CUST01906,Female,0,Yes,No,71,Yes,No,Month-to-month,No,Mailed check,18.98,1214.4,No
CUST01907,Female,0,No,No,0,Yes,DSL,Month-to-month,No,Electronic check,78.82,51.48,Yes
CUST01908,Female,0,No,Yes,20,Yes,Fiber optic,Two year,Yes,Mailed check,105.77,2159.66,No
CUST01909,Female,1,Yes,Yes,36,Yes,Fiber optic,Month-to-month,No,Bank transfer (automatic),85.55,3157.97,No
CUST01910,Male,0,No,No,22,Yes,Fiber optic,One year,No,Electronic check,53.06,1249.99,No
CUST01911,Female,1,Yes,No,23,Yes,Fiber optic,Month-to-month,No,Bank transfer (automatic),46.61,1135.15,No
CUST01912,Male,1,Yes,No,9,Yes,DSL,Month-to-month,Yes,Bank transfer (automatic),118.75,1135.24,Yes
CUST01913,Female,0,No,Yes,30,No,DSL,Month-to-month,Yes,Mailed check,45.97,1427.91,Yes
CUST01914,Male,0,Yes,Yes,55,Yes,Fiber optic,One year,Yes,Credit card (automatic),58.17,3260.48,Yes
CUST01915,Female,0,Yes,No,42,No,DSL,One year,Yes,Electronic check,81.31,3267.66,Yes
CUST01916,Male,0,No,No,67,Yes,Fiber optic,Month-to-month,No,Electronic check,66.53,4369.53,Yes
CUST01917,Female,0,Yes,No,51,Yes,No,Month-to-month,Yes,Mailed check,24.43,1144.87,No
CUST01918,Female,0,No,No,57,Yes,Fiber optic,Month-to-month,Yes,Bank transfer (automatic),35.31,2114.28,Yes
CUST01919,Female,0,No,Yes,31,No,Fiber optic,Month-to-month,Yes,Electronic check,66.74,2006.3,Yes
CUST01920,Male,0,No,No,44,Yes,DSL,Month-to-month,No,Credit card (automatic),88.94,3863.53,No
CUST01921,Female,1,No,No,42,Yes,No,Month-to-month,No,Electronic check,27.74,1165.61,Yes
CUST01922,Male,0,No,No,59,Yes,Fiber optic,One year,No,Electronic check,57.69,3304.22,Yes
CUST01923,Male,0,Yes,No,36,Yes,Fiber optic,Two year,No,Credit card (automatic),46.46,1703.0,No
CUST01924,Female,1,No,No,29,Yes,No,One year,No,Credit card (automatic),30.48,713.49,No
CUST01925,Female,0,No,Yes,5,Yes,DSL,One year,Yes,Bank transfer (automatic),39.19,101.75,No
CUST01926,Female,0,No,No,62,Yes,Fiber optic,Two year,Yes,Electronic check,104.11,6470.73,No
CUST01927,Female,1,Yes,No,31,Yes,DSL,Two year,No,Mailed check,75.94,2254.81,No
CUST01928,Female,0,No,No,58,Yes,DSL,Month-to-month,No,Electronic check,54.58,3269.57,Yes
CUST01929,Female,0,No,No,49,Yes,Fiber optic,Month-to-month,Yes,Bank transfer (automatic),45.64,2240.06,No
CUST01930,Male,0,Yes,No,0,Yes,Fiber optic,Month-to-month,No,Bank transfer (automatic),56.17,90.57,Yes
CUST01931,Female,1,No,Yes,47,Yes,DSL,Two year,Yes,Mailed check,32.95,1577.28,No
CUST01932,Female,0,Yes,No,35,Yes,Fiber optic,Month-to-month,No,Bank transfer (automatic),84.37,2952.0,Yes
CUST01933,Male,0,Yes,No,17,Yes,Fiber optic,Month-to-month,Yes,Bank transfer (automatic),51.93,803.09,No
CUST01934,Male,0,No,Yes,19,Yes,No,Month-to-month,Yes,Electronic check,27.79,602.34,Yes
CUST01935,Female,0,Yes,No,46,Yes,DSL,One year,No,Electronic check,85.44,3965.54,Yes
CUST01936,Female,0,Yes,No,6,Yes,Fiber optic,One year,No,Credit card (automatic),96.15,743.67,No
CUST01937,Female,0,Yes,No,44,Yes,DSL,One year,No,Electronic check,78.3,3511.47,No
CUST01938,Male,1,Yes,No,61,No,Fiber optic,One year,No,Electronic check,100.13,6076.14,No
CUST01939,Male,0,No,No,6,Yes,Fiber optic,Two year,Yes,Electronic check,106.65,663.05,No
CUST01940,Female,0,No,No,0,Yes,Fiber optic,Month-to-month,Yes,Bank transfer (automatic),78.46,33.77,Yes
CUST01941,Female,0,No,No,4,Yes,DSL,Two year,Yes,Bank transfer (automatic),79.96,412.88,No
CUST01942,Female,0,Yes,No,53,Yes,Fiber optic,One year,Yes,Bank transfer (automatic),58.06,3182.93,No
CUST01943,Male,0,No,Yes,61,Yes,DSL,Month-to-month,Yes,Mailed check,47.31,2872.95,No
CUST01944,Female,0,No,No,72,Yes,DSL,Two year,Yes,Bank transfer (automatic),104.05,7394.36,Yes
CUST01945,Female,0,No,No,2,Yes,Fiber optic,Two year,Yes,Electronic check,87.14,25.97,No
CUST01946,Female,0,Yes,No,35,Yes,DSL,Two year,Yes,Credit card (automatic),89.17,3029.79,No
CUST01947,Female,0,Yes,No,3,Yes,Fiber optic,Two year,Yes,Credit card (automatic),57.23,124.35,No
CUST01948,Male,0,No,Yes,27,Yes,Fiber optic,Month-to-month,Yes,Bank transfer (automatic),112.6,3160.55,No
CUST01949,Female,0,No,No,22,Yes,Fiber optic,Month-to-month,No,Mailed check,66.28,1579.72,Yes
CUST01950,Female,1,Yes,Yes,44,Yes,Fiber optic,Month-to-month,No,Credit card (automatic),51.95,2362.61,No
CUST01951,Male,0,No,Yes,66,Yes,Fiber optic,Two year,No,Electronic check,57.66,3903.99,No
CUST01952,Male,1,Yes,No,58,Yes,No,Two year,Yes,Electronic check,18.0,987.41,No
CUST01953,Female,1,Yes,Yes,4,Yes,DSL,Two year,No,Credit card (automatic),44.22,55.65,Yes
CUST01954,Female,0,No,No,17,No,Fiber optic,Two year,Yes,Electronic check,53.22,824.22,No
CUST01955,Male,1,No,No,20,Yes,Fiber optic,One year,Yes,Electronic check,125.0,2337.21,No
CUST01956,Female,0,Yes,No,18,Yes,DSL,Month-to-month,No,Bank transfer (automatic),95.53,1630.42,Yes
CUST01957,Male,0,No,No,25,Yes,DSL,Month-to-month,Yes,Bank transfer (automatic),53.67,1301.27,No
CUST01958,Male,0,No,No,44,Yes,DSL,Month-to-month,No,,44.96,1991.58,No
CUST01959,Male,0,Yes,No,53,Yes,Fiber optic,One year,No,Electronic check,30.18,1610.38,No
CUST01960,Female,0,No,No,68,Yes,Fiber optic,Month-to-month,Yes,Bank transfer (automatic),74.43,5006.07,Yes
CUST01961,Male,0,No,No,51,Yes,Fiber optic,Two year,Yes,Electronic check,90.2,4645.72,No
CUST01962,Male,0,No,No,21,Yes,Fiber optic,One year,No,Credit card (automatic),109.97,2255.73,Yes
CUST01963,Female,0,No,No,13,Yes,Fiber optic,Month-to-month,Yes,Electronic check,24.65,321.25,Yes
CUST01964,Male,0,No,No,27,Yes,DSL,Two year,Yes,Electronic check,38.87,960.69,Yes
CUST01965,Male,0,Yes,Yes,58,Yes,Fiber optic,One year,Yes,Bank transfer (automatic),69.01,4089.67,Yes
CUST01966,Male,0,Yes,Yes,72,Yes,Fiber optic,One year,No,Electronic check,125.0,9001.67,No
CUST01967,Female,0,No,No,28,Yes,DSL,Month-to-month,Yes,Bank transfer (automatic),94.15,2690.51,Yes
CUST01968,Female,0,No,No,12,Yes,DSL,Month-to-month,No,Electronic check,81.32,878.54,Yes
CUST01969,Male,0,Yes,No,0,Yes,DSL,Month-to-month,No,Mailed check,41.38,13.95,Yes
CUST01970,Female,0,Yes,No,5,Yes,No,Month-to-month,Yes,Electronic check,20.9,150.29,Yes
CUST01971,Male,0,No,No,46,Yes,DSL,One year,Yes,Mailed check,72.97,3193.11,No
CUST01972,Male,0,Yes,No,43,Yes,DSL,Two year,No,Electronic check,69.52,3082.81,No
CUST01973,Male,0,Yes,No,46,No,DSL,Two year,Yes,Electronic check,65.3,2903.85,No
CUST01974,Female,0,No,No,1,Yes,DSL,Month-to-month,Yes,Electronic check,62.49,79.36,Yes
CUST01975,Male,0,No,Yes,31,Yes,Fiber optic,Two year,Yes,Credit card (automatic),53.29,1795.01,No
CUST01976,Female,0,No,Yes,13,Yes,Fiber optic,Month-to-month,No,Bank transfer (automatic),47.56,694.67,Yes
CUST01977,Male,0,No,No,24,Yes,Fiber optic,Month-to-month,No,Electronic check,106.74,2442.56,Yes
CUST01978,Female,0,Yes,Yes,45,Yes,Fiber optic,One year,Yes,Electronic check,49.84,2228.56,No
CUST01979,Female,0,No,No,20,Yes,DSL,Two year,Yes,Electronic check,65.1,1400.67,Yes
CUST01980,Male,0,Yes,No,48,Yes,Fiber optic,Two year,Yes,Electronic check,71.02,3343.62,No
CUST01981,Male,0,Yes,Yes,21,Yes,Fiber optic,Two year,No,Mailed check,89.66,1854.07,No
CUST01982,Male,0,No,Yes,37,Yes,Fiber optic,Month-to-month,Yes,Mailed check,50.7,1844.87,No
CUST01983,Female,0,No,No,33,Yes,No,Month-to-month,No,Credit card (automatic),28.83,996.99,Yes
CUST01984,Male,0,No,No,28,Yes,DSL,Month-to-month,No,Credit card (automatic),57.51,1487.32,No
CUST01985,Male,0,Yes,No,9,Yes,Fiber optic,One year,Yes,Electronic check,67.95,661.64,No
CUST01986,Male,0,No,Yes,42,Yes,Fiber optic,Month-to-month,No,Electronic check,113.08,4699.54,No
CUST01987,Male,1,No,No,72,Yes,DSL,Month-to-month,No,Electronic check,47.77,3438.53,Yes
CUST01988,Female,0,No,No,46,Yes,Fiber optic,Month-to-month,No,Electronic check,90.02,4122.93,Yes
CUST01989,Female,0,No,No,54,No,DSL,One year,Yes,Bank transfer (automatic),97.12,5292.46,No
CUST01990,Male,0,Yes,No,58,Yes,DSL,One year,No,Electronic check,79.75,4623.82,No
CUST01991,Male,1,No,Yes,2,No,Fiber optic,Month-to-month,Yes,Electronic check,69.06,253.35,No
CUST01992,Female,0,No,No,57,Yes,Fiber optic,Month-to-month,No,Electronic check,125.0,7204.15,No
CUST01993,Female,1,No,No,17,Yes,No,One year,Yes,Bank transfer (automatic),24.92,360.01,No
CUST01994,Male,0,No,No,48,Yes,No,One year,Yes,Electronic check,25.82,1348.58,No
CUST01995,Male,0,No,No,71,Yes,DSL,Month-to-month,No,Credit card (automatic),63.59,4540.44,No
CUST01996,Female,0,Yes,Yes,65,Yes,Fiber optic,Month-to-month,Yes,Mailed check,75.78,4939.29,No
CUST01997,Male,0,Yes,Yes,30,Yes,No,Two year,Yes,Electronic check,30.59,985.56,Yes
CUST01998,Male,0,No,Yes,61,Yes,DSL,One year,No,Mailed check,65.12,3889.03,No
CUST01999,Female,1,No,No,45,Yes,Fiber optic,Month-to-month,Yes,Bank transfer (automatic),19.29,757.69,Yes
CUST02000,Female,0,No,Yes,9,Yes,No,One year,No,Mailed check,23.48,213.32,Yes
CUST02001,Male,1,Yes,No,17,Yes,DSL,One year,No,Mailed check,45.04,717.18,No
CUST02002,Female,0,Yes,Yes,69,Yes,No,Month-to-month,Yes,Electronic check,29.3,2187.6,No
CUST02003,Female,0,No,No,66,Yes,Fiber optic,Month-to-month,Yes,Electronic check,71.97,4688.87,No
CUST02004,Female,0,No,No,65,No,No,Two year,No,Electronic check,26.45,1722.47,No
CUST02005,Male,0,Yes,No,28,Yes,Fiber optic,Month-to-month,No,Bank transfer (automatic),48.29,1367.48,No
CUST02006,Female,0,No,Yes,23,Yes,Fiber optic,Month-to-month,Yes,Bank transfer (automatic),58.62,1446.76,Yes
CUST02007,Female,0,Yes,No,58,Yes,Fiber optic,Two year,No,Bank transfer (automatic),63.5,3603.44,No
CUST02008,Female,0,No,Yes,1,No,DSL,Month-to-month,No,Credit card (automatic),34.94,0.0,Yes
CUST02009,Male,0,Yes,No,65,Yes,Fiber optic,One year,Yes,Mailed check,99.79,6597.9,Yes
CUST02010,Male,0,Yes,No,44,Yes,No,Month-to-month,No,Credit card (automatic),29.28,1294.76,No
CUST02011,Female,0,Yes,No,46,No,No,Month-to-month,Yes,Mailed check,27.55,1332.08,No
CUST02012,Female,0,No,Yes,32,Yes,No,Month-to-month,Yes,Mailed check,29.47,1011.58,Yes
CUST02013,Female,0,No,No,71,Yes,Fiber optic,Two year,Yes,Bank transfer (automatic),67.03,4841.53,No
CUST02014,Male,0,No,No,54,Yes,Fiber optic,One year,No,Electronic check,80.63,4323.79,No
CUST02015,Male,0,Yes,No,3,Yes,Fiber optic,Two year,Yes,Electronic check,79.94,187.91,No
CUST02016,Female,0,Yes,No,38,Yes,Fiber optic,Month-to-month,Yes,Bank transfer (automatic),61.99,2195.92,No
CUST02017,Female,0,Yes,No,62,No,Fiber optic,One year,Yes,Electronic check,79.45,4846.31,No
CUST02018,Male,0,No,Yes,5,No,DSL,Month-to-month,Yes,Electronic check,90.28,456.37,Yes
CUST02019,Male,1,Yes,No,53,Yes,DSL,One year,No,Credit card (automatic),48.38,2508.03,No
CUST02020,Female,0,No,No,17,Yes,Fiber optic,Month-to-month,Yes,Mailed check,80.65,1279.78,Yes
CUST02021,Female,1,No,No,36,Yes,DSL,One year,Yes,Electronic check,18.0,652.03,No
CUST02022,Male,0,No,Yes,64,Yes,DSL,Month-to-month,No,Electronic check,23.76,1628.08,No
CUST02023,Male,0,Yes,No,35,Yes,DSL,Month-to-month,Yes,Credit card (automatic),86.11,3009.37,Yes
CUST02024,Male,0,No,No,2,Yes,Fiber optic,Two year,Yes,Credit card (automatic),61.55,32.47,Yes
CUST02025,Female,0,Yes,Yes,1,Yes,No,Month-to-month,No,Bank transfer (automatic),20.6,122.39,No
CUST02026,Female,0,Yes,No,53,Yes,Fiber optic,Month-to-month,No,Electronic check,70.67,3683.58,Yes
CUST02027,Male,0,No,No,67,No,No,Two year,Yes,Mailed check,31.18,2207.41,No
CUST02028,Male,0,No,No,21,Yes,No,Month-to-month,No,Electronic check,18.0,356.95,Yes
CUST02029,Male,0,No,No,68,Yes,DSL,One year,No,Credit card (automatic),31.02,2117.61,No
CUST02030,Female,0,Yes,No,33,Yes,DSL,Two year,No,Bank transfer (automatic),22.8,877.27,No
CUST02031,Male,0,No,No,4,Yes,DSL,One year,Yes,Credit card (automatic),90.47,253.76,No
CUST02032,Female,0,No,No,38,Yes,DSL,Month-to-month,No,Mailed check,61.44,2250.71,Yes
CUST02033,Female,0,Yes,No,71,Yes,Fiber optic,One year,Yes,Credit card (automatic),96.24,6806.92,No
CUST02034,Male,0,No,No,18,Yes,DSL,Month-to-month,No,Mailed check,61.18,1090.04,Yes
CUST02035,Male,0,Yes,Yes,70,Yes,No,Month-to-month,No,Mailed check,27.75,2153.87,No
CUST02036,Male,0,No,Yes,47,Yes,Fiber optic,One year,No,Mailed check,68.86,3165.38,No
CUST02037,Male,0,No,No,28,Yes,Fiber optic,Two year,No,Bank transfer (automatic),73.11,1942.74,No
CUST02038,Female,0,No,No,50,Yes,No,Month-to-month,Yes,Credit card (automatic),25.34,1192.13,Yes
CUST02039,Male,0,No,No,29,Yes,No,Month-to-month,Yes,Mailed check,28.14,834.63,Yes
CUST02040,Female,0,Yes,Yes,6,Yes,Fiber optic,One year,Yes,Credit card (automatic),41.26,286.92,Yes
CUST02041,Female,0,No,No,63,Yes,Fiber optic,Month-to-month,Yes,Mailed check,91.15,5685.88,Yes
CUST02042,Male,0,No,No,27,Yes,No,Two year,No,Electronic check,24.5,663.18,No
CUST02043,Male,0,Yes,No,41,No,Fiber optic,Month-to-month,No,Electronic check,113.48,4808.3,No
CUST02044,Male,0,Yes,Yes,54,Yes,No,Month-to-month,Yes,Electronic check,28.02,,Yes
CUST02045,Female,0,No,No,6,Yes,DSL,One year,Yes,Credit card (automatic),53.67,347.7,Yes
CUST02046,Male,1,No,No,52,Yes,Fiber optic,Two year,No,Electronic check,58.14,3174.4,No
CUST02047,Female,0,No,No,26,Yes,Fiber optic,Month-to-month,Yes,Electronic check,67.6,1701.76,Yes
CUST02048,Male,0,No,Yes,39,Yes,DSL,Two year,Yes,Electronic check,70.69,2695.84,No
CUST02049,Male,0,No,Yes,33,Yes,DSL,Month-to-month,Yes,Bank transfer (automatic),47.05,1515.08,No
CUST02050,Male,0,Yes,No,56,Yes,DSL,Month-to-month,Yes,Credit card (automatic),35.01,1918.33,Yes
CUST02051,Female,1,Yes,No,13,Yes,DSL,Month-to-month,No,Credit card (automatic),73.25,806.57,Yes
CUST02052,Female,0,No,No,7,Yes,DSL,Month-to-month,Yes,Electronic check,18.0,137.04,No
CUST02053,Female,0,No,Yes,29,Yes,Fiber optic,One year,Yes,Mailed check,69.48,2032.28,No
CUST02054,Male,1,No,No,8,Yes,Fiber optic,Month-to-month,Yes,Electronic check,48.38,372.17,Yes
CUST02055,Male,0,No,No,17,No,Fiber optic,Month-to-month,Yes,Credit card (automatic),91.5,1575.3,Yes
CUST02056,Female,0,No,Yes,47,Yes,Fiber optic,Month-to-month,Yes,Electronic check,98.19,4635.58,Yes
CUST02057,Male,0,No,No,59,Yes,DSL,Two year,Yes,Credit card (automatic),98.78,5722.73,No
CUST02058,Male,0,No,No,50,No,Fiber optic,Two year,No,Credit card (automatic),63.34,3190.09,No
CUST02059,Female,0,Yes,No,23,Yes,DSL,Month-to-month,No,Bank transfer (automatic),43.62,1047.94,No
CUST02060,Female,0,No,No,59,Yes,DSL,Month-to-month,Yes,Credit card (automatic),51.64,2918.99,Yes
CUST02061,Male,1,No,No,29,Yes,Fiber optic,Two year,Yes,Electronic check,79.19,2413.56,No
CUST02062,Male,1,Yes,No,13,Yes,No,Month-to-month,No,Electronic check,24.73,222.63,Yes
CUST02063,Female,0,No,Yes,55,Yes,No,Two year,Yes,Mailed check,30.61,1592.49,No
CUST02064,Male,0,No,No,37,Yes,Fiber optic,One year,Yes,Electronic check,63.73,2374.17,No
CUST02065,Male,0,No,Yes,27,Yes,Fiber optic,Two year,Yes,Bank transfer (automatic),84.5,2324.28,No
CUST02066,Male,0,No,No,48,Yes,Fiber optic,Month-to-month,Yes,Mailed check,27.46,1380.29,Yes
CUST02067,Male,0,Yes,No,52,Yes,Fiber optic,Month-to-month,No,Credit card (automatic),48.85,2585.08,No
CUST02068,Male,0,Yes,No,16,No,DSL,Month-to-month,Yes,Credit card (automatic),24.36,348.18,No
CUST02069,Female,0,Yes,No,8,Yes,DSL,Month-to-month,No,Electronic check,97.53,788.92,Yes
CUST02070,Female,0,Yes,No,37,Yes,No,Month-to-month,No,Electronic check,23.06,827.89,Yes
CUST02071,Female,0,No,Yes,3,Yes,No,Two year,No,Mailed check,27.44,96.26,No
CUST02072,Male,0,No,No,46,Yes,DSL,Month-to-month,No,Electronic check,73.59,3390.62,Yes
CUST02073,Female,0,No,Yes,32,Yes,DSL,Month-to-month,No,Bank transfer (automatic),83.71,2638.33,Yes
CUST02074,Female,0,Yes,No,15,Yes,DSL,Month-to-month,Yes,Bank transfer (automatic),63.56,925.62,Yes
CUST02075,Male,0,Yes,No,43,Yes,Fiber optic,Month-to-month,No,Bank transfer (automatic),66.91,2728.95,Yes
CUST02076,Female,1,Yes,Yes,27,No,DSL,Month-to-month,Yes,Mailed check,69.71,1948.58,Yes
CUST02077,Female,0,No,No,28,Yes,Fiber optic,Month-to-month,No,,82.14,2323.72,No
CUST02078,Female,1,Yes,No,15,No,DSL,Two year,No,Bank transfer (automatic),82.8,1057.47,No
CUST02079,Female,0,No,No,49,Yes,DSL,Two year,Yes,Credit card (automatic),125.0,6188.45,No
CUST02080,Female,0,No,No,65,Yes,DSL,Month-to-month,Yes,Credit card (automatic),114.04,7408.36,Yes
CUST02081,Male,1,No,Yes,45,No,Fiber optic,Two year,Yes,Bank transfer (automatic),27.53,1163.9,No
CUST02082,Female,0,Yes,No,17,Yes,DSL,Month-to-month,Yes,Electronic check,68.42,1081.11,Yes
CUST02083,Female,0,Yes,Yes,60,Yes,Fiber optic,Month-to-month,Yes,Credit card (automatic),61.85,3655.94,No
CUST02084,Male,0,No,No,8,Yes,Fiber optic,Two year,Yes,Electronic check,104.0,757.48,No
CUST02085,Female,0,No,Yes,21,Yes,Fiber optic,Two year,Yes,Mailed check,64.11,1282.53,No
CUST02086,Male,0,Yes,No,2,Yes,DSL,Month-to-month,Yes,Mailed check,83.61,303.27,Yes
CUST02087,Male,0,No,No,61,Yes,Fiber optic,Month-to-month,Yes,Electronic check,18.0,1127.69,No
CUST02088,Male,1,No,Yes,3,Yes,DSL,Month-to-month,Yes,Electronic check,34.16,265.36,Yes
CUST02089,Female,0,Yes,No,39,Yes,Fiber optic,Month-to-month,Yes,Electronic check,124.31,4866.15,Yes
CUST02090,Female,0,Yes,No,13,Yes,Fiber optic,One year,Yes,Credit card (automatic),73.26,998.72,No
CUST02091,Male,0,Yes,Yes,15,Yes,No,Month-to-month,Yes,Bank transfer (automatic),23.01,274.69,Yes
CUST02092,Female,0,Yes,No,44,Yes,No,Two year,No,Credit card (automatic),29.14,1268.72,Yes
CUST02093,Male,0,Yes,No,58,Yes,,One year,Yes,Credit card (automatic),45.67,2642.33,No
CUST02094,Female,0,No,No,1,Yes,No,Month-to-month,Yes,Mailed check,24.34,73.95,Yes
CUST02095,Female,0,Yes,No,11,Yes,DSL,Two year,Yes,Credit card (automatic),35.68,388.52,Yes
CUST02096,Male,0,No,No,20,Yes,Fiber optic,One year,No,Bank transfer (automatic),52.28,1073.71,Yes
CUST02097,Male,0,No,No,68,Yes,DSL,Month-to-month,Yes,Electronic check,61.59,4213.36,Yes
CUST02098,Male,0,Yes,Yes,4,Yes,DSL,Month-to-month,Yes,Credit card (automatic),100.02,375.85,Yes
CUST02099,Male,0,Yes,Yes,13,Yes,Fiber optic,Two year,Yes,Credit card (automatic),83.6,1054.34,No
CUST02100,Female,0,No,Yes,29,Yes,Fiber optic,Two year,Yes,Electronic check,87.96,2497.32,Yes
CUST02101,Male,0,No,No,23,Yes,Fiber optic,Month-to-month,Yes,Credit card (automatic),71.36,1727.86,Yes
CUST02102,Male,0,No,No,3,Yes,No,One year,No,Electronic check,25.6,52.61,No
CUST02103,Female,0,Yes,No,39,Yes,Fiber optic,Two year,No,Credit card (automatic),50.16,1982.55,No
CUST02104,Female,0,Yes,Yes,44,Yes,No,Two year,Yes,Bank transfer (automatic),28.67,1248.96,No
CUST02105,Male,0,Yes,No,12,Yes,No,Month-to-month,Yes,Electronic check,23.99,372.89,Yes
CUST02106,Female,0,No,No,50,Yes,No,Month-to-month,Yes,Credit card (automatic),28.01,1241.45,Yes
CUST02107,Male,0,No,No,4,Yes,DSL,Two year,No,Bank transfer (automatic),71.65,310.84,Yes
CUST02108,Female,0,No,Yes,53,Yes,Fiber optic,Month-to-month,No,Electronic check,67.9,3498.31,Yes
CUST02109,Female,0,No,No,18,Yes,Fiber optic,Month-to-month,Yes,Credit card (automatic),103.34,1891.38,Yes
CUST02110,Female,0,Yes,Yes,16,Yes,No,One year,Yes,Credit card (automatic),22.83,353.56,Yes
CUST02111,Female,0,No,Yes,14,Yes,DSL,Month-to-month,Yes,Mailed check,56.35,670.63,No
CUST02112,Male,0,Yes,No,63,Yes,DSL,One year,No,Bank transfer (automatic),28.0,1791.01,No
CUST02113,Male,0,No,No,36,Yes,Fiber optic,Month-to-month,Yes,Electronic check,54.21,1969.49,Yes
CUST02114,Male,0,No,No,50,Yes,DSL,One year,Yes,Electronic check,49.58,2460.5,Yes
CUST02115,Male,0,No,No,14,Yes,Fiber optic,Month-to-month,Yes,Bank transfer (automatic),92.79,1290.69,No
CUST02116,Female,0,Yes,No,4,Yes,DSL,Two year,Yes,Electronic check,95.01,392.96,No
CUST02117,Male,0,No,Yes,2,Yes,Fiber optic,Month-to-month,No,Mailed check,46.22,186.7,Yes
CUST02118,Male,0,No,No,32,Yes,Fiber optic,Month-to-month,Yes,Credit card (automatic),53.14,1675.33,No
CUST02119,Male,0,Yes,No,23,Yes,Fiber optic,Two year,Yes,Credit card (automatic),35.02,886.5,No
CUST02120,Male,0,Yes,Yes,56,Yes,DSL,One year,No,Bank transfer (automatic),75.36,4217.16,No
CUST02121,Male,1,No,No,57,Yes,Fiber optic,Month-to-month,No,Bank transfer (automatic),70.88,4143.82,No
CUST02122,Male,0,Yes,No,22,Yes,Fiber optic,Month-to-month,No,Credit card (automatic),91.73,1999.25,Yes
CUST02123,Male,1,Yes,Yes,31,Yes,No,One year,No,Credit card (automatic),22.32,638.61,No
CUST02124,Male,0,Yes,No,27,No,Fiber optic,Two year,Yes,Electronic check,87.26,2268.21,No
CUST02125,Male,0,Yes,No,49,No,No,Month-to-month,Yes,Mailed check,28.98,1417.31,No
CUST02126,Female,0,Yes,No,45,Yes,DSL,Two year,Yes,Electronic check,56.34,2471.85,No
CUST02127,Female,0,No,No,47,Yes,Fiber optic,Month-to-month,No,Electronic check,95.72,4611.2,Yes
CUST02128,Male,1,Yes,No,4,Yes,Fiber optic,One year,No,Electronic check,58.54,164.46,No
CUST02129,Female,0,No,No,24,Yes,Fiber optic,Month-to-month,Yes,Bank transfer (automatic),31.31,696.24,No
CUST02130,Female,1,Yes,No,70,Yes,Fiber optic,Month-to-month,No,Credit card (automatic),92.2,6500.49,No
CUST02131,Male,0,Yes,No,24,Yes,DSL,Two year,No,Credit card (automatic),57.57,1476.54,No
CUST02132,Male,1,Yes,No,12,Yes,DSL,Month-to-month,No,Mailed check,98.57,1241.32,Yes
CUST02133,Male,1,No,Yes,14,Yes,Fiber optic,Two year,Yes,Mailed check,71.54,1086.25,No
CUST02134,Female,0,No,No,1,Yes,Fiber optic,Month-to-month,Yes,Electronic check,65.07,58.65,Yes
CUST02135,Female,0,No,Yes,56,Yes,DSL,Month-to-month,No,Electronic check,106.08,5935.19,Yes
CUST02136,Male,0,Yes,No,0,Yes,Fiber optic,Two year,No,Electronic check,39.43,160.94,Yes
CUST02137,Male,0,Yes,No,43,Yes,Fiber optic,One year,No,Credit card (automatic),107.86,4773.2,No
CUST02138,Female,1,Yes,No,29,Yes,Fiber optic,Month-to-month,No,Electronic check,56.02,1681.72,Yes
CUST02139,Male,0,No,No,6,Yes,DSL,One year,Yes,Bank transfer (automatic),76.06,544.89,No
CUST02140,Female,0,Yes,No,64,Yes,No,Month-to-month,No,Electronic check,21.87,,No
CUST02141,Male,0,No,No,54,Yes,Fiber optic,Two year,Yes,Bank transfer (automatic),61.32,3214.8,No
CUST02142,Male,0,No,No,59,Yes,Fiber optic,Month-to-month,Yes,Credit card (automatic),52.95,3120.88,No
CUST02143,Male,1,No,No,68,Yes,Fiber optic,Month-to-month,Yes,Credit card (automatic),62.75,4386.74,Yes
CUST02144,Male,0,No,No,66,Yes,Fiber optic,Month-to-month,Yes,Electronic check,46.64,3135.87,No
CUST02145,Female,0,Yes,Yes,51,Yes,DSL,One year,Yes,Credit card (automatic),121.05,6168.46,No
CUST02146,Female,1,No,No,38,Yes,No,Two year,No,Electronic check,24.23,1041.44,No
CUST02147,Female,0,Yes,No,50,Yes,DSL,Two year,No,Credit card (automatic),100.97,5078.04,No
CUST02148,Male,0,No,No,32,Yes,Fiber optic,Month-to-month,Yes,Electronic check,97.68,3186.21,No
CUST02149,Male,0,No,No,13,Yes,No,Month-to-month,Yes,Bank transfer (automatic),22.02,316.22,Yes
CUST02150,Male,0,Yes,No,28,Yes,Fiber optic,Month-to-month,Yes,Bank transfer (automatic),68.61,1964.37,Yes
CUST02151,Female,0,No,No,34,Yes,Fiber optic,Two year,Yes,Credit card (automatic),76.84,2661.57,No
CUST02152,Female,0,Yes,Yes,3,Yes,DSL,Month-to-month,Yes,Credit card (automatic),86.3,362.87,Yes
CUST02153,Male,0,Yes,No,61,Yes,Fiber optic,One year,Yes,Electronic check,74.51,4659.51,No
CUST02154,Male,1,No,No,66,Yes,Fiber optic,Month-to-month,No,Credit card (automatic),32.83,2130.69,No
CUST02155,Male,1,Yes,No,30,Yes,DSL,Two year,Yes,Electronic check,26.54,824.64,Yes
CUST02156,Female,0,No,No,36,Yes,DSL,Month-to-month,No,Electronic check,109.72,4051.6,No
CUST02157,Female,0,No,Yes,61,Yes,No,Month-to-month,No,Electronic check,23.05,1395.53,Yes
CUST02158,Male,0,No,No,33,Yes,DSL,Two year,Yes,Electronic check,76.89,2432.66,Yes
CUST02159,Male,0,Yes,No,50,Yes,Fiber optic,Two year,Yes,Electronic check,66.13,3233.81,No
CUST02160,Female,0,Yes,No,37,No,DSL,One year,Yes,Bank transfer (automatic),76.02,2745.57,No
CUST02161,Male,0,No,No,19,Yes,Fiber optic,Two year,Yes,Electronic check,43.5,789.85,Yes
CUST02162,Female,0,Yes,No,57,Yes,Fiber optic,One year,No,Bank transfer (automatic),80.77,4544.19,Yes
CUST02163,Female,0,No,No,14,Yes,Fiber optic,Month-to-month,Yes,Electronic check,77.15,1162.43,Yes
CUST02164,Male,0,Yes,Yes,16,Yes,Fiber optic,Month-to-month,Yes,Bank transfer (automatic),125.0,1977.85,Yes
CUST02165,Male,0,Yes,Yes,50,Yes,DSL,One year,Yes,Electronic check,75.25,3863.39,No
CUST02166,Male,0,No,No,51,Yes,Fiber optic,One year,Yes,Electronic check,105.71,5300.79,Yes
CUST02167,Female,0,No,No,69,Yes,DSL,Month-to-month,No,Bank transfer (automatic),34.53,2354.3,Yes
CUST02168,Male,0,No,No,51,No,Fiber optic,Month-to-month,Yes,Credit card (automatic),97.5,4980.84,Yes
CUST02169,Male,0,No,No,1,Yes,DSL,One year,No,Credit card (automatic),77.66,142.51,Yes
CUST02170,Male,1,Yes,Yes,62,Yes,DSL,Month-to-month,Yes,Mailed check,78.74,4973.37,No
CUST02171,Female,1,Yes,Yes,30,Yes,Fiber optic,One year,Yes,Credit card (automatic),79.09,2329.63,No
CUST02172,Male,0,Yes,No,0,Yes,DSL,One year,Yes,Bank transfer (automatic),114.66,79.47,No
CUST02173,Male,0,No,No,42,Yes,Fiber optic,Month-to-month,No,Credit card (automatic),78.38,3157.41,No
CUST02174,Male,0,Yes,No,12,Yes,Fiber optic,Month-to-month,Yes,Electronic check,52.4,698.51,Yes
CUST02175,Female,0,No,No,30,No,No,Month-to-month,No,Electronic check,31.57,839.81,No
CUST02176,Male,0,Yes,No,34,Yes,DSL,Month-to-month,Yes,Electronic check,92.43,3178.35,No
CUST02177,Female,0,No,No,5,Yes,Fiber optic,One year,No,Credit card (automatic),83.19,506.28,No
CUST02178,Female,1,No,Yes,62,Yes,Fiber optic,One year,Yes,Electronic check,33.74,2162.86,No
CUST02179,Male,1,No,No,37,Yes,DSL,Two year,No,Electronic check,84.87,3009.06,Yes
CUST02180,Female,0,Yes,No,70,Yes,Fiber optic,Month-to-month,Yes,Bank transfer (automatic),44.94,3110.02,No
CUST02181,Male,0,No,Yes,33,Yes,No,One year,Yes,Credit card (automatic),18.0,651.35,No
CUST02182,Female,0,Yes,Yes,43,Yes,Fiber optic,Month-to-month,No,Bank transfer (automatic),51.86,2285.04,No
CUST02183,Male,1,Yes,No,59,No,No,Two year,Yes,Bank transfer (automatic),29.78,1779.09,No
CUST02184,Male,0,Yes,No,15,Yes,Fiber optic,Month-to-month,Yes,Electronic check,58.38,699.57,Yes
CUST02185,Male,0,Yes,No,66,Yes,Fiber optic,Month-to-month,Yes,Credit card (automatic),109.97,7353.86,No
CUST02186,Female,0,No,No,13,Yes,No,Month-to-month,Yes,Electronic check,20.96,382.58,Yes
CUST02187,Female,0,Yes,No,72,Yes,DSL,Month-to-month,Yes,Electronic check,103.53,7467.26,Yes
CUST02188,Female,0,Yes,No,46,Yes,Fiber optic,Two year,Yes,Mailed check,125.0,5768.29,Yes
CUST02189,Female,0,No,No,37,Yes,Fiber optic,Month-to-month,Yes,Electronic check,73.17,2747.53,Yes
CUST02190,Male,0,No,Yes,15,Yes,No,Month-to-month,Yes,Bank transfer (automatic),18.0,386.84,Yes
CUST02191,Female,0,No,No,41,Yes,No,One year,No,Bank transfer (automatic),39.11,1623.55,Yes
CUST02192,Female,0,No,No,40,Yes,DSL,Month-to-month,No,Electronic check,103.37,4119.51,No
CUST02193,Female,0,Yes,No,71,Yes,Fiber optic,Month-to-month,No,Electronic check,51.81,3709.03,Yes
CUST02194,Female,0,No,No,60,Yes,DSL,Month-to-month,Yes,Electronic check,71.54,4291.51,Yes
CUST02195,Male,1,Yes,No,35,Yes,Fiber optic,Month-to-month,No,Electronic check,85.42,2989.72,Yes
CUST02196,Male,0,Yes,Yes,28,Yes,Fiber optic,Two year,Yes,Credit card (automatic),89.36,2360.81,No
CUST02197,Female,0,Yes,No,28,Yes,DSL,One year,No,Bank transfer (automatic),40.19,1167.15,No
CUST02198,Male,0,No,No,27,Yes,Fiber optic,Month-to-month,Yes,Electronic check,50.32,1452.36,Yes
CUST02199,Male,0,Yes,Yes,0,Yes,Fiber optic,Month-to-month,Yes,Electronic check,87.29,81.63,Yes
CUST02200,Female,0,No,No,2,Yes,Fiber optic,Two year,No,Credit card (automatic),62.81,201.7,No
CUST02201,Female,0,Yes,No,54,Yes,No,Two year,Yes,Credit card (automatic),18.0,967.76,No
CUST02202,Female,0,Yes,Yes,18,Yes,Fiber optic,Month-to-month,No,Credit card (automatic),70.23,1275.79,No
CUST02203,Female,0,Yes,Yes,30,Yes,Fiber optic,One year,No,Electronic check,69.03,2166.21,No
CUST02204,Female,0,Yes,No,50,No,DSL,Month-to-month,Yes,Bank transfer (automatic),76.42,3890.39,No
CUST02205,Female,1,Yes,Yes,44,Yes,DSL,Month-to-month,Yes,Electronic check,85.23,3869.03,No
CUST02206,Male,0,No,Yes,26,Yes,DSL,Two year,No,Credit card (automatic),83.64,2120.82,Yes
CUST02207,Female,1,No,No,54,Yes,DSL,Two year,No,,52.8,2796.88,No
CUST02208,Male,1,Yes,No,11,Yes,Fiber optic,Month-to-month,No,Bank transfer (automatic),61.73,652.42,Yes
CUST02209,Female,0,No,No,34,Yes,Fiber optic,Two year,Yes,Electronic check,95.19,3161.02,Yes
CUST02210,Female,0,Yes,No,7,Yes,Fiber optic,One year,No,Credit card (automatic),58.42,303.22,No
CUST02211,Male,0,Yes,No,38,Yes,DSL,One year,Yes,Electronic check,62.12,2398.05,Yes
CUST02212,Male,0,Yes,No,6,Yes,Fiber optic,Two year,Yes,Credit card (automatic),34.39,238.38,No
CUST02213,Male,0,No,No,68,Yes,No,Month-to-month,No,Electronic check,25.18,1731.94,Yes
CUST02214,Female,0,Yes,No,48,Yes,DSL,Two year,Yes,Credit card (automatic),80.63,3898.54,No
CUST02215,Female,0,No,No,17,Yes,Fiber optic,Month-to-month,Yes,,22.61,267.27,No
CUST02216,Female,0,Yes,No,44,Yes,DSL,Month-to-month,Yes,Bank transfer (automatic),45.24,1952.16,Yes
CUST02217,Female,0,No,No,25,Yes,Fiber optic,Month-to-month,No,Credit card (automatic),36.46,888.02,No
CUST02218,Male,0,Yes,No,37,Yes,Fiber optic,Two year,No,Mailed check,91.71,3397.15,No
CUST02219,Female,0,No,No,12,No,DSL,Month-to-month,No,Electronic check,24.19,173.5,No
CUST02220,Female,1,No,No,36,Yes,DSL,Month-to-month,Yes,Mailed check,70.03,2446.86,No
CUST02221,Male,0,Yes,No,7,Yes,No,One year,Yes,Electronic check,22.94,125.66,Yes
CUST02222,Female,0,Yes,No,11,Yes,DSL,Month-to-month,No,Bank transfer (automatic),76.7,928.36,No
CUST02223,Female,0,No,No,42,Yes,Fiber optic,Month-to-month,Yes,Electronic check,61.0,2582.95,Yes
CUST02224,Female,0,No,Yes,36,Yes,Fiber optic,Month-to-month,Yes,Electronic check,80.66,2985.49,Yes
CUST02225,Female,0,No,Yes,21,Yes,DSL,One year,Yes,Electronic check,97.92,2046.53,Yes
CUST02226,Male,0,Yes,Yes,4,Yes,Fiber optic,Month-to-month,Yes,Electronic check,69.31,277.32,Yes
CUST02227,Male,0,No,No,30,Yes,Fiber optic,Month-to-month,No,Electronic check,18.0,579.93,No
CUST02228,Male,1,Yes,No,67,Yes,DSL,Month-to-month,Yes,Bank transfer (automatic),100.69,6732.05,No
CUST02229,Female,1,Yes,Yes,51,Yes,No,Two year,Yes,Electronic check,20.0,970.02,No
CUST02230,Male,0,No,No,4,Yes,Fiber optic,Two year,No,Credit card (automatic),71.17,165.5,No
CUST02231,Male,0,No,Yes,68,Yes,Fiber optic,Month-to-month,No,Bank transfer (automatic),22.49,,Yes
CUST02232,Female,0,No,Yes,30,No,DSL,Two year,Yes,Mailed check,64.54,2003.09,No
CUST02233,Male,0,No,No,42,Yes,DSL,Two year,Yes,Credit card (automatic),50.11,2205.47,No
CUST02234,Female,0,Yes,No,0,Yes,Fiber optic,One year,No,Bank transfer (automatic),41.59,0.0,Yes
CUST02235,Male,0,No,No,22,No,Fiber optic,Month-to-month,No,Bank transfer (automatic),68.59,1370.28,No
CUST02236,Male,0,Yes,No,57,No,DSL,Month-to-month,Yes,Electronic check,58.6,3414.33,Yes
CUST02237,Female,0,Yes,No,24,Yes,Fiber optic,One year,No,Bank transfer (automatic),60.25,1451.54,No
CUST02238,Female,0,Yes,Yes,12,Yes,Fiber optic,Month-to-month,No,Electronic check,90.49,978.12,Yes
CUST02239,Female,0,No,No,6,No,Fiber optic,Month-to-month,Yes,Bank transfer (automatic),78.39,221.48,Yes
CUST02240,Male,0,No,No,67,Yes,Fiber optic,Month-to-month,Yes,Electronic check,59.61,3916.8,Yes
CUST02241,Female,0,Yes,Yes,59,Yes,Fiber optic,Month-to-month,Yes,Mailed check,56.44,3292.92,Yes
CUST02242,Male,0,No,No,3,Yes,Fiber optic,One year,No,Bank transfer (automatic),60.63,89.76,Yes
CUST02243,Female,1,No,No,67,Yes,Fiber optic,Month-to-month,Yes,Electronic check,65.81,4464.62,No
CUST02244,Female,0,No,No,59,Yes,Fiber optic,One year,Yes,Electronic check,86.6,5044.39,No
CUST02245,Male,0,No,No,26,Yes,No,Two year,Yes,Credit card (automatic),20.15,524.89,No
CUST02246,Male,0,Yes,No,47,Yes,Fiber optic,Month-to-month,No,Electronic check,108.46,5287.5,Yes
CUST02247,Male,0,No,Yes,18,Yes,Fiber optic,Month-to-month,No,Electronic check,86.62,1568.56,Yes
CUST02248,Female,0,No,No,18,Yes,Fiber optic,Month-to-month,Yes,Electronic check,18.0,314.76,Yes
CUST02249,Female,0,No,No,52,Yes,No,Month-to-month,Yes,Credit card (automatic),32.52,1683.61,No
CUST02250,Female,1,No,Yes,14,Yes,No,Two year,No,Bank transfer (automatic),21.06,348.36,Yes
CUST02251,Male,0,Yes,Yes,25,Yes,DSL,One year,Yes,Bank transfer (automatic),81.72,2086.61,No
CUST02252,Male,0,Yes,No,26,Yes,DSL,Two year,No,Credit card (automatic),61.69,1523.66,No
CUST02253,Female,0,No,Yes,10,Yes,Fiber optic,Two year,Yes,Bank transfer (automatic),70.47,671.81,No
CUST02254,Male,0,Yes,No,60,Yes,No,Month-to-month,No,Credit card (automatic),36.93,2162.41,No
CUST02255,Female,0,Yes,No,49,Yes,No,One year,Yes,Bank transfer (automatic),23.35,1121.54,No
CUST02256,Male,0,No,Yes,62,No,Fiber optic,Month-to-month,No,Credit card (automatic),36.62,2416.57,Yes
CUST02257,Male,0,No,No,38,Yes,DSL,Month-to-month,Yes,Bank transfer (automatic),56.87,2210.46,Yes
CUST02258,Male,0,No,Yes,12,Yes,No,Month-to-month,Yes,Electronic check,19.99,233.5,Yes
CUST02259,Female,0,No,No,20,Yes,DSL,Month-to-month,No,Electronic check,72.82,1555.96,No
CUST02260,Male,0,No,No,25,Yes,Fiber optic,One year,Yes,Electronic check,110.2,2770.08,Yes
CUST02261,Female,1,No,Yes,68,Yes,Fiber optic,One year,No,Bank transfer (automatic),125.0,8368.96,No
CUST02262,Male,0,No,No,17,Yes,Fiber optic,Month-to-month,Yes,Credit card (automatic),59.7,1148.02,Yes
CUST02263,Female,1,Yes,No,50,Yes,Fiber optic,Month-to-month,Yes,Bank transfer (automatic),42.07,2090.99,No
CUST02264,Male,1,No,No,8,Yes,DSL,One year,No,Credit card (automatic),65.36,342.4,Yes
CUST02265,Female,1,Yes,No,69,Yes,DSL,One year,Yes,Bank transfer (automatic),99.47,6735.46,No
CUST02266,Female,0,Yes,No,47,Yes,Fiber optic,Month-to-month,No,Credit card (automatic),102.97,4929.8,Yes
CUST02267,Male,0,Yes,No,31,Yes,DSL,Month-to-month,Yes,Bank transfer (automatic),125.0,3748.33,Yes
CUST02268,Male,0,No,Yes,25,Yes,Fiber optic,Month-to-month,Yes,Electronic check,71.08,1884.94,Yes
CUST02269,Female,0,No,No,25,Yes,DSL,One year,No,Mailed check,84.2,2111.48,No
CUST02270,Male,0,No,Yes,16,Yes,DSL,One year,Yes,Mailed check,54.21,924.47,No
CUST02271,Female,0,No,No,43,Yes,DSL,Month-to-month,Yes,Electronic check,18.0,753.46,Yes
CUST02272,Female,1,No,No,63,Yes,Fiber optic,Month-to-month,Yes,Electronic check,71.01,4515.5,No
CUST02273,Female,0,Yes,No,17,Yes,Fiber optic,Month-to-month,Yes,Electronic check,43.16,759.05,No
CUST02274,Female,0,No,No,54,Yes,DSL,One year,No,Electronic check,88.08,4753.24,No
CUST02275,Female,0,No,Yes,41,Yes,Fiber optic,Month-to-month,Yes,Electronic check,24.97,938.53,Yes
CUST02276,Female,0,No,No,56,Yes,DSL,One year,Yes,Credit card (automatic),53.52,3025.8,No
CUST02277,Female,0,Yes,No,56,No,Fiber optic,Two year,Yes,Mailed check,78.69,4261.28,No
CUST02278,Female,0,Yes,No,2,Yes,DSL,Month-to-month,Yes,Credit card (automatic),81.31,237.14,Yes
CUST02279,Female,0,No,No,1,Yes,No,Month-to-month,Yes,Electronic check,26.62,42.38,Yes
CUST02280,Male,0,Yes,Yes,66,Yes,DSL,Month-to-month,Yes,Credit card (automatic),118.68,7870.02,No
CUST02281,Male,0,Yes,No,11,Yes,Fiber optic,Month-to-month,No,Credit card (automatic),111.24,1014.29,No
CUST02282,Female,0,Yes,Yes,41,No,Fiber optic,Two year,No,Credit card (automatic),54.89,2160.43,No
CUST02283,Female,0,Yes,Yes,54,No,Fiber optic,Two year,Yes,Bank transfer (automatic),112.24,6020.5,No
CUST02284,Male,0,Yes,No,36,Yes,Fiber optic,Month-to-month,Yes,Bank transfer (automatic),116.06,4232.05,No
CUST02285,Male,0,No,No,0,Yes,DSL,Two year,Yes,Mailed check,68.9,0.0,No
CUST02286,Male,0,No,Yes,0,Yes,Fiber optic,Month-to-month,Yes,Mailed check,73.14,203.84,No
CUST02287,Male,0,No,Yes,48,Yes,No,One year,Yes,Bank transfer (automatic),32.75,1550.93,No
CUST02288,Male,0,Yes,No,65,Yes,No,One year,No,Electronic check,20.73,1266.17,No
CUST02289,Male,0,Yes,Yes,25,No,Fiber optic,Month-to-month,No,Electronic check,58.36,1444.05,No
CUST02290,Female,0,Yes,Yes,39,Yes,Fiber optic,Month-to-month,Yes,Credit card (automatic),104.98,4018.14,Yes
CUST02291,Female,1,Yes,Yes,68,Yes,Fiber optic,One year,Yes,Electronic check,82.93,5544.49,Yes
CUST02292,Female,0,Yes,Yes,60,Yes,Fiber optic,Month-to-month,No,Bank transfer (automatic),58.15,3569.88,Yes
CUST02293,Female,1,No,No,39,Yes,No,Two year,No,Electronic check,31.18,1257.08,Yes
CUST02294,Male,0,No,No,47,Yes,No,Month-to-month,Yes,Mailed check,29.39,1422.62,Yes
CUST02295,Male,0,No,No,70,Yes,Fiber optic,Month-to-month,No,Electronic check,67.9,4855.14,Yes
CUST02296,Male,0,Yes,No,58,Yes,Fiber optic,Two year,Yes,Mailed check,94.83,5539.07,No
CUST02297,Female,0,Yes,No,30,No,Fiber optic,Month-to-month,No,Credit card (automatic),50.5,1429.61,No
CUST02298,Female,1,Yes,No,50,Yes,DSL,Month-to-month,Yes,Credit card (automatic),94.54,4783.69,Yes
CUST02299,Female,0,Yes,No,24,Yes,Fiber optic,Month-to-month,No,Electronic check,76.92,1755.95,Yes
CUST02300,Male,1,No,No,67,Yes,Fiber optic,Month-to-month,Yes,Electronic check,75.57,5024.95,Yes
CUST02301,Female,1,Yes,No,6,Yes,DSL,Month-to-month,Yes,Credit card (automatic),97.64,582.18,Yes
CUST02302,Female,0,No,No,16,Yes,Fiber optic,Month-to-month,No,Electronic check,93.08,1477.51,No
CUST02303,Male,0,No,No,25,Yes,DSL,Month-to-month,No,Electronic check,36.89,778.96,Yes
CUST02304,Male,0,Yes,No,14,Yes,DSL,Month-to-month,No,Mailed check,44.9,551.19,No
CUST02305,Male,0,Yes,No,43,Yes,Fiber optic,Two year,Yes,Credit card (automatic),66.26,2847.38,Yes
CUST02306,Female,0,Yes,Yes,52,Yes,Fiber optic,Two year,No,Electronic check,80.9,4157.95,No
CUST02307,Female,0,Yes,No,65,Yes,Fiber optic,Month-to-month,Yes,Electronic check,106.11,6987.25,No
CUST02308,Female,1,No,No,36,Yes,DSL,Two year,No,Credit card (automatic),73.63,2754.48,No
CUST02309,Female,0,No,Yes,45,Yes,Fiber optic,Two year,Yes,Credit card (automatic),114.59,5066.92,Yes
CUST02310,Male,0,No,No,43,Yes,DSL,Two year,Yes,Bank transfer (automatic),54.33,2340.97,No
CUST02311,Female,0,No,No,0,No,No,One year,Yes,Bank transfer (automatic),24.65,126.62,Yes
CUST02312,Female,0,Yes,Yes,51,Yes,DSL,Month-to-month,No,Credit card (automatic),64.36,3271.62,Yes
CUST02313,Male,1,Yes,No,1,Yes,No,Month-to-month,No,Bank transfer (automatic),18.0,0.0,Yes
CUST02314,Female,0,Yes,Yes,39,Yes,DSL,Two year,Yes,Credit card (automatic),100.99,4007.43,Yes
CUST02315,Female,1,Yes,No,72,Yes,DSL,Month-to-month,No,Mailed check,18.0,1274.06,No
CUST02316,Female,0,No,No,57,Yes,Fiber optic,Two year,Yes,Electronic check,59.41,3488.04,Yes
CUST02317,Female,1,No,No,36,Yes,Fiber optic,One year,Yes,Credit card (automatic),100.71,3577.98,No
CUST02318,Female,0,Yes,No,23,Yes,No,Month-to-month,Yes,Bank transfer (automatic),28.18,610.17,No
CUST02319,Male,0,Yes,No,61,Yes,Fiber optic,Month-to-month,No,Electronic check,98.82,6091.23,Yes
CUST02320,Male,0,Yes,No,62,Yes,Fiber optic,Two year,No,Bank transfer (automatic),125.0,7758.04,No
CUST02321,Female,0,No,No,26,Yes,DSL,Month-to-month,No,Credit card (automatic),74.01,1932.93,No
CUST02322,Female,0,Yes,No,7,Yes,Fiber optic,One year,Yes,Electronic check,101.22,555.79,Yes
CUST02323,Female,0,Yes,No,42,Yes,Fiber optic,Two year,Yes,Credit card (automatic),125.0,5221.73,No
CUST02324,Male,0,Yes,No,46,Yes,No,Month-to-month,No,Electronic check,30.67,1479.94,No
CUST02325,Male,0,No,No,68,Yes,Fiber optic,Month-to-month,Yes,Bank transfer (automatic),70.8,4751.7,No
CUST02326,Male,0,No,No,64,Yes,Fiber optic,Month-to-month,Yes,Credit card (automatic),94.56,6107.89,Yes
CUST02327,Female,0,No,Yes,16,Yes,No,Two year,No,Credit card (automatic),21.46,364.8,No
CUST02328,Female,0,Yes,Yes,18,Yes,DSL,Month-to-month,Yes,Credit card (automatic),71.03,1262.56,No
CUST02329,Female,0,Yes,No,72,Yes,Fiber optic,Month-to-month,Yes,Bank transfer (automatic),59.9,4421.42,Yes
CUST02330,Female,0,No,Yes,23,Yes,No,Month-to-month,No,Mailed check,18.19,391.18,Yes
CUST02331,Female,0,Yes,No,33,Yes,Fiber optic,Month-to-month,No,Bank transfer (automatic),65.23,2130.98,No
CUST02332,Male,0,Yes,No,22,Yes,Fiber optic,Month-to-month,No,Electronic check,101.84,2223.59,Yes
CUST02333,Female,0,No,No,28,Yes,No,Month-to-month,No,Bank transfer (automatic),29.12,821.8,No
CUST02334,Male,0,Yes,Yes,41,Yes,DSL,Two year,Yes,Bank transfer (automatic),117.67,,Yes
CUST02335,Male,1,Yes,No,21,Yes,No,Month-to-month,No,Bank transfer (automatic),27.84,466.84,Yes
CUST02336,Male,0,No,No,30,Yes,Fiber optic,Two year,No,Mailed check,50.73,1591.34,No
CUST02337,Female,0,No,Yes,25,Yes,,Two year,No,Mailed check,93.36,2339.45,No
CUST02338,Male,0,Yes,No,7,Yes,DSL,One year,Yes,Electronic check,43.74,350.5,Yes
CUST02339,Female,0,Yes,No,57,Yes,Fiber optic,One year,Yes,Electronic check,74.92,4461.79,No
CUST02340,Female,0,No,No,65,Yes,DSL,Month-to-month,Yes,Mailed check,110.71,7155.22,No
CUST02341,Female,0,Yes,No,35,Yes,DSL,One year,Yes,Electronic check,27.38,860.33,No
CUST02342,Female,0,Yes,Yes,14,No,Fiber optic,Month-to-month,No,Credit card (automatic),82.05,1164.2,No
CUST02343,Male,0,No,No,46,Yes,DSL,Month-to-month,No,Electronic check,102.29,4733.51,Yes
CUST02344,Male,0,No,No,38,Yes,Fiber optic,One year,Yes,Credit card (automatic),71.35,2781.03,No
CUST02345,Male,0,No,Yes,40,Yes,DSL,Month-to-month,No,Electronic check,48.82,1909.73,Yes
CUST02346,Female,1,Yes,No,43,Yes,DSL,Month-to-month,Yes,Credit card (automatic),65.43,2747.08,Yes
CUST02347,Female,1,Yes,No,52,Yes,DSL,One year,No,Bank transfer (automatic),51.04,2531.44,Yes
CUST02348,Male,1,No,No,2,Yes,Fiber optic,Month-to-month,No,Credit card (automatic),73.73,38.06,Yes
CUST02349,Female,1,No,No,7,No,DSL,Month-to-month,No,Credit card (automatic),65.08,422.28,No
CUST02350,Male,0,Yes,No,6,Yes,DSL,Month-to-month,No,Bank transfer (automatic),59.17,345.69,Yes
CUST02351,Male,0,No,No,11,Yes,Fiber optic,Month-to-month,No,Electronic check,83.65,1085.36,Yes
CUST02352,Male,0,Yes,Yes,70,Yes,Fiber optic,Month-to-month,No,Bank transfer (automatic),111.48,7668.19,No
CUST02353,Male,0,No,Yes,53,Yes,Fiber optic,Month-to-month,Yes,Electronic check,80.2,4277.43,No
CUST02354,Female,0,No,No,48,Yes,DSL,Month-to-month,No,Credit card (automatic),105.59,5010.25,No
CUST02355,Female,1,Yes,No,51,Yes,No,One year,Yes,Credit card (automatic),22.84,1182.67,No
CUST02356,Female,0,No,No,2,Yes,Fiber optic,Two year,Yes,Electronic check,57.33,70.4,Yes
CUST02357,Female,0,No,Yes,15,No,Fiber optic,One year,No,Bank transfer (automatic),78.87,1265.88,No
CUST02358,Female,0,Yes,No,57,Yes,DSL,Month-to-month,No,Electronic check,61.38,3581.0,Yes
CUST02359,Male,0,Yes,Yes,33,No,DSL,One year,No,Bank transfer (automatic),34.95,1144.3,No
CUST02360,Female,0,No,Yes,37,No,Fiber optic,Two year,Yes,Bank transfer (automatic),80.89,3108.06,Yes
CUST02361,Male,0,Yes,Yes,54,Yes,DSL,Two year,Yes,Bank transfer (automatic),45.7,2528.61,No
CUST02362,Male,0,Yes,No,5,Yes,Fiber optic,Month-to-month,Yes,Credit card (automatic),84.11,531.95,Yes
CUST02363,Male,0,Yes,No,58,Yes,DSL,Month-to-month,No,Electronic check,33.1,1916.35,No
CUST02364,Female,1,No,Yes,49,Yes,DSL,Month-to-month,No,Credit card (automatic),76.27,3813.37,Yes
CUST02365,Male,0,Yes,Yes,29,No,DSL,One year,No,Bank transfer (automatic),32.73,887.71,No
CUST02366,Female,0,No,No,36,Yes,DSL,Month-to-month,Yes,Electronic check,88.85,3129.03,No
CUST02367,Female,0,Yes,No,5,No,Fiber optic,Two year,No,Mailed check,62.17,485.24,No
CUST02368,Female,0,Yes,No,14,Yes,DSL,Month-to-month,Yes,,59.76,749.77,No
CUST02369,Female,0,No,Yes,17,Yes,Fiber optic,One year,No,Bank transfer (automatic),100.16,1667.83,No
CUST02370,Female,1,Yes,No,64,Yes,DSL,Month-to-month,Yes,Credit card (automatic),63.96,3941.6,No
CUST02371,Female,0,Yes,No,8,Yes,Fiber optic,Month-to-month,Yes,Electronic check,74.77,530.49,Yes
CUST02372,Male,0,Yes,No,21,Yes,No,Month-to-month,Yes,Electronic check,28.26,513.92,No
CUST02373,Female,0,No,Yes,9,Yes,No,One year,No,Mailed check,28.98,207.2,No
CUST02374,Female,0,Yes,No,20,Yes,Fiber optic,Month-to-month,Yes,Electronic check,98.07,1985.39,Yes
CUST02375,Male,0,Yes,No,0,Yes,Fiber optic,Month-to-month,Yes,Electronic check,92.89,43.28,Yes
CUST02376,Male,0,Yes,Yes,19,Yes,Fiber optic,One year,No,Bank transfer (automatic),60.33,1065.73,No
CUST02377,Male,1,Yes,No,52,Yes,No,Two year,No,Mailed check,27.17,1349.67,No
CUST02378,Female,0,Yes,No,56,Yes,Fiber optic,Two year,No,Credit card (automatic),49.09,2835.72,No
CUST02379,Male,0,No,No,27,Yes,DSL,One year,Yes,Mailed check,53.44,1579.3,No
CUST02380,Male,0,Yes,No,51,Yes,Fiber optic,Month-to-month,No,Bank transfer (automatic),68.8,3609.27,No
CUST02381,Female,0,Yes,No,45,Yes,DSL,Two year,Yes,Mailed check,98.17,4285.94,No
CUST02382,Female,1,No,No,65,Yes,Fiber optic,Month-to-month,Yes,Electronic check,42.75,2873.9,Yes
CUST02383,Male,0,No,Yes,58,Yes,DSL,Two year,Yes,Mailed check,94.29,5617.12,No
CUST02384,Female,0,Yes,No,16,Yes,DSL,Two year,Yes,Bank transfer (automatic),70.63,994.4,No
CUST02385,Female,0,Yes,Yes,42,Yes,Fiber optic,Month-to-month,Yes,Credit card (automatic),61.16,2655.34,No
CUST02386,Male,0,Yes,No,57,Yes,Fiber optic,Month-to-month,Yes,Electronic check,99.45,5686.67,No
CUST02387,Male,0,No,Yes,22,Yes,Fiber optic,One year,Yes,Bank transfer (automatic),51.93,1116.29,No
CUST02388,Male,0,Yes,No,41,Yes,Fiber optic,One year,No,Bank transfer (automatic),125.0,5133.49,No
CUST02389,Male,0,Yes,No,29,Yes,No,One year,Yes,Electronic check,29.94,903.72,No
CUST02390,Male,0,Yes,Yes,22,Yes,Fiber optic,Two year,Yes,Credit card (automatic),75.75,1759.11,No
CUST02391,Female,0,Yes,Yes,14,Yes,No,Month-to-month,Yes,Electronic check,20.34,373.24,Yes
CUST02392,Female,0,Yes,No,2,Yes,Fiber optic,Month-to-month,No,Credit card (automatic),76.4,32.25,Yes
CUST02393,Male,0,Yes,Yes,54,Yes,DSL,One year,No,Bank transfer (automatic),101.72,5440.99,Yes
CUST02394,Female,0,No,No,59,Yes,No,Month-to-month,Yes,Electronic check,21.43,1271.86,Yes
CUST02395,Female,0,No,No,47,Yes,Fiber optic,One year,No,Bank transfer (automatic),60.94,2989.96,Yes
CUST02396,Male,0,No,No,17,Yes,No,Two year,No,Electronic check,29.26,279.22,No
CUST02397,Male,0,No,No,1,Yes,DSL,Month-to-month,No,Bank transfer (automatic),99.04,50.17,Yes
CUST02398,Female,0,Yes,Yes,46,Yes,DSL,Two year,Yes,Credit card (automatic),91.24,4074.81,No
CUST02399,Female,0,No,No,14,Yes,DSL,Two year,Yes,Bank transfer (automatic),88.9,1135.05,No
CUST02400,Male,1,No,No,40,Yes,Fiber optic,Month-to-month,Yes,Electronic check,98.53,4020.06,Yes
CUST02401,Female,0,No,No,70,Yes,Fiber optic,Two year,Yes,Mailed check,83.88,5829.05,No
CUST02402,Male,0,No,No,0,Yes,Fiber optic,One year,Yes,Bank transfer (automatic),18.42,0.0,No
CUST02403,Male,0,Yes,No,42,Yes,DSL,Month-to-month,No,Bank transfer (automatic),108.06,4525.84,No
CUST02404,Male,0,Yes,Yes,72,Yes,Fiber optic,Month-to-month,Yes,Bank transfer (automatic),51.06,3839.19,No
CUST02405,Female,0,Yes,No,24,No,Fiber optic,Month-to-month,Yes,Mailed check,79.84,1771.62,No
CUST02406,Male,0,Yes,Yes,59,Yes,Fiber optic,One year,No,Bank transfer (automatic),76.53,4557.9,No
CUST02407,Female,0,Yes,Yes,60,Yes,Fiber optic,Month-to-month,No,Credit card (automatic),73.18,4516.22,No
CUST02408,Male,0,Yes,No,35,Yes,DSL,Month-to-month,Yes,Bank transfer (automatic),44.35,1548.3,Yes
CUST02409,Female,1,Yes,No,22,Yes,Fiber optic,Two year,No,Electronic check,23.53,671.9,Yes
CUST02410,Female,0,No,No,49,Yes,Fiber optic,One year,Yes,Mailed check,46.94,2247.28,No
CUST02411,Male,0,No,Yes,45,Yes,DSL,One year,Yes,Mailed check,92.66,4285.38,No
CUST02412,Female,1,No,Yes,34,Yes,Fiber optic,Two year,Yes,Credit card (automatic),35.83,1315.01,No
CUST02413,Male,1,Yes,No,14,No,Fiber optic,Month-to-month,Yes,Credit card (automatic),49.99,697.26,Yes
CUST02414,Male,0,No,No,54,No,Fiber optic,Month-to-month,No,Credit card (automatic),82.45,4333.32,No
CUST02415,Female,0,No,Yes,15,Yes,DSL,One year,Yes,Electronic check,46.31,614.51,No
CUST02416,Female,0,No,No,9,No,DSL,Month-to-month,No,Bank transfer (automatic),58.42,338.25,No
CUST02417,Male,0,No,No,4,No,Fiber optic,Month-to-month,Yes,Credit card (automatic),74.05,343.73,Yes
CUST02418,Female,0,Yes,No,32,Yes,DSL,One year,No,Electronic check,79.07,2568.18,Yes
CUST02419,Female,0,Yes,No,8,Yes,Fiber optic,Month-to-month,Yes,Electronic check,45.82,372.9,Yes
CUST02420,Female,0,No,No,24,Yes,Fiber optic,Month-to-month,No,Electronic check,75.52,1802.66,Yes
CUST02421,Female,0,No,Yes,17,Yes,Fiber optic,One year,Yes,Bank transfer (automatic),81.97,1502.1,No
CUST02422,Male,0,Yes,No,33,Yes,Fiber optic,One year,No,Mailed check,40.17,1349.43,No
CUST02423,Female,0,Yes,No,56,Yes,Fiber optic,Month-to-month,No,Electronic check,77.37,4288.35,Yes
CUST02424,Male,0,Yes,Yes,32,Yes,DSL,Month-to-month,Yes,Bank transfer (automatic),54.09,1742.66,Yes
CUST02425,Female,0,Yes,Yes,40,Yes,DSL,Two year,Yes,Credit card (automatic),75.1,3167.8,No
CUST02426,Male,1,No,No,10,Yes,Fiber optic,Two year,No,Credit card (automatic),90.08,950.57,No
CUST02427,Female,0,No,No,8,Yes,Fiber optic,Month-to-month,No,Bank transfer (automatic),67.59,509.53,Yes
CUST02428,Female,0,Yes,No,71,Yes,Fiber optic,Month-to-month,Yes,,94.84,6730.08,Yes
CUST02429,Male,0,Yes,No,45,No,Fiber optic,One year,No,Bank transfer (automatic),91.77,4166.72,No
CUST02430,Female,0,Yes,No,1,Yes,Fiber optic,Month-to-month,No,Credit card (automatic),94.7,61.01,Yes
CUST02431,Female,0,Yes,Yes,41,Yes,DSL,Month-to-month,No,Mailed check,82.08,3324.52,No
CUST02432,Male,0,No,No,0,Yes,DSL,Month-to-month,Yes,Credit card (automatic),99.52,0.0,Yes
CUST02433,Female,0,No,No,5,Yes,Fiber optic,Month-to-month,Yes,Credit card (automatic),81.63,529.68,Yes
CUST02434,Female,0,No,No,27,No,DSL,Month-to-month,Yes,Bank transfer (automatic),30.32,881.92,No
CUST02435,Female,0,Yes,Yes,47,Yes,No,Month-to-month,No,Mailed check,26.33,1204.75,Yes
CUST02436,Male,0,No,Yes,45,Yes,DSL,Two year,No,Electronic check,66.72,3071.92,No
CUST02437,Male,0,No,No,57,Yes,Fiber optic,Month-to-month,Yes,Electronic check,69.82,3980.43,Yes
CUST02438,Male,1,Yes,Yes,13,Yes,DSL,Month-to-month,Yes,Electronic check,80.94,1079.79,Yes
CUST02439,Male,0,No,Yes,13,Yes,Fiber optic,Month-to-month,Yes,Electronic check,51.83,694.08,No
CUST02440,Female,0,No,No,38,Yes,DSL,Two year,Yes,Mailed check,122.22,4475.54,No
CUST02441,Female,0,No,No,63,Yes,Fiber optic,Month-to-month,No,Electronic check,69.44,4130.93,Yes
CUST02442,Female,0,Yes,No,52,Yes,No,Month-to-month,No,Credit card (automatic),23.59,1244.81,No
CUST02443,Female,0,Yes,Yes,48,Yes,Fiber optic,One year,Yes,Bank transfer (automatic),55.23,2582.81,Yes
CUST02444,Female,0,No,Yes,6,Yes,DSL,One year,Yes,Credit card (automatic),46.92,150.38,Yes
CUST02445,Male,0,Yes,No,64,Yes,Fiber optic,Two year,Yes,Mailed check,68.84,4340.0,No
CUST02446,Male,0,Yes,No,71,Yes,Fiber optic,Month-to-month,No,Electronic check,72.69,5234.96,No
CUST02447,Male,0,No,Yes,42,Yes,DSL,Month-to-month,No,Electronic check,69.83,2961.49,No
CUST02448,Male,0,Yes,No,24,Yes,Fiber optic,Month-to-month,Yes,Credit card (automatic),113.38,2782.86,Yes
CUST02449,Male,0,Yes,Yes,48,Yes,Fiber optic,One year,Yes,Electronic check,68.84,3340.57,No
CUST02450,Female,0,No,Yes,46,Yes,Fiber optic,Month-to-month,No,Bank transfer (automatic),69.85,3139.59,No
CUST02451,Male,1,No,Yes,67,Yes,Fiber optic,Month-to-month,No,Electronic check,92.38,6251.58,Yes
CUST02452,Male,0,No,No,8,Yes,Fiber optic,Month-to-month,Yes,Mailed check,67.72,588.62,Yes
CUST02453,Female,0,No,Yes,37,Yes,Fiber optic,Two year,Yes,Electronic check,85.48,3153.36,No
CUST02454,Female,0,Yes,No,51,Yes,DSL,Month-to-month,No,Mailed check,40.02,2045.73,Yes
CUST02455,Male,0,Yes,No,25,Yes,Fiber optic,Month-to-month,No,Electronic check,40.22,1068.9,Yes
CUST02456,Female,0,No,No,61,Yes,Fiber optic,Two year,No,Credit card (automatic),75.05,4518.09,Yes
CUST02457,Male,0,Yes,Yes,4,Yes,DSL,One year,Yes,Electronic check,66.21,351.87,Yes
CUST02458,Male,0,Yes,Yes,7,Yes,DSL,One year,Yes,Electronic check,51.77,407.6,No
CUST02459,Female,0,Yes,Yes,57,Yes,No,One year,Yes,Electronic check,29.14,1661.16,No
CUST02460,Female,0,No,No,9,Yes,DSL,Month-to-month,No,Credit card (automatic),77.23,817.57,No
CUST02461,Female,1,Yes,No,30,Yes,DSL,Two year,No,Bank transfer (automatic),54.25,1523.95,No
CUST02462,Female,0,No,Yes,20,Yes,DSL,Month-to-month,Yes,Bank transfer (automatic),59.03,1143.79,No
CUST02463,Female,1,Yes,No,50,Yes,DSL,Two year,No,Bank transfer (automatic),77.42,3816.42,No
CUST02464,Male,0,No,No,0,Yes,No,Month-to-month,No,Credit card (automatic),28.34,28.65,Yes
CUST02465,Female,1,Yes,Yes,26,Yes,Fiber optic,One year,Yes,Electronic check,56.9,1573.99,Yes
CUST02466,Female,0,Yes,Yes,71,Yes,Fiber optic,Month-to-month,No,Credit card (automatic),85.35,5981.21,No
CUST02467,Female,0,No,Yes,26,Yes,Fiber optic,Month-to-month,No,Credit card (automatic),71.4,2120.84,Yes
CUST02468,Male,0,No,Yes,43,Yes,Fiber optic,Month-to-month,Yes,Electronic check,60.07,2529.99,Yes
CUST02469,Female,1,Yes,No,72,Yes,Fiber optic,One year,No,Electronic check,49.42,3587.09,No
CUST02470,Female,0,Yes,Yes,44,Yes,No,Month-to-month,Yes,Bank transfer (automatic),19.52,859.09,No
CUST02471,Male,0,Yes,No,55,Yes,Fiber optic,Two year,No,Electronic check,68.71,3782.74,No
CUST02472,Female,0,Yes,No,70,Yes,Fiber optic,Month-to-month,No,Electronic check,122.65,8522.11,Yes
CUST02473,Female,1,No,No,45,Yes,Fiber optic,One year,No,Mailed check,86.14,3961.7,No
CUST02474,Female,0,Yes,No,60,Yes,No,One year,No,Electronic check,24.88,1424.49,No
CUST02475,Female,0,No,No,37,Yes,DSL,Month-to-month,Yes,Bank transfer (automatic),89.68,3176.65,Yes
CUST02476,Female,0,Yes,No,59,Yes,Fiber optic,One year,Yes,Mailed check,53.03,3039.01,No
CUST02477,Male,1,No,No,46,Yes,Fiber optic,One year,No,Bank transfer (automatic),71.88,3422.11,No
CUST02478,Female,0,Yes,No,24,Yes,Fiber optic,One year,Yes,Mailed check,57.28,1474.76,No
CUST02479,Female,0,Yes,Yes,40,No,No,Month-to-month,No,Mailed check,27.67,946.22,Yes
CUST02480,Female,0,Yes,No,24,Yes,Fiber optic,One year,Yes,Mailed check,43.65,1112.7,No
CUST02481,Male,1,No,Yes,28,Yes,DSL,Month-to-month,Yes,Credit card (automatic),79.84,2076.97,Yes
CUST02482,Male,1,No,No,21,Yes,Fiber optic,Month-to-month,Yes,Mailed check,54.87,1150.09,Yes
CUST02483,Female,0,No,No,35,Yes,No,Month-to-month,No,Bank transfer (automatic),31.53,1006.93,Yes
CUST02484,Female,0,Yes,No,25,Yes,Fiber optic,One year,Yes,Credit card (automatic),79.34,2054.76,No
CUST02485,Female,0,Yes,No,45,Yes,No,Two year,No,Bank transfer (automatic),28.99,1348.92,No
CUST02486,Female,1,Yes,Yes,26,Yes,Fiber optic,Month-to-month,Yes,Electronic check,89.95,2417.07,Yes
CUST02487,Female,0,Yes,No,35,Yes,No,Month-to-month,No,Electronic check,24.38,829.68,Yes
CUST02488,Female,0,No,No,10,Yes,Fiber optic,Month-to-month,No,Bank transfer (automatic),125.0,1234.69,Yes
CUST02489,Male,0,No,No,28,Yes,Fiber optic,One year,Yes,Bank transfer (automatic),85.89,2284.98,No
CUST02490,Female,0,No,No,25,Yes,No,One year,Yes,Credit card (automatic),20.74,436.06,Yes
CUST02491,Female,0,No,Yes,70,Yes,No,One year,Yes,Bank transfer (automatic),18.0,1335.88,No
CUST02492,Female,0,Yes,No,32,Yes,DSL,One year,Yes,Electronic check,87.77,2838.02,Yes
CUST02493,Male,1,Yes,Yes,1,Yes,DSL,One year,No,Credit card (automatic),86.82,95.17,No
CUST02494,Male,0,No,No,22,Yes,Fiber optic,Month-to-month,Yes,Bank transfer (automatic),84.4,1957.77,No
CUST02495,Female,0,Yes,No,53,Yes,Fiber optic,Month-to-month,No,Credit card (automatic),96.16,4992.47,No
CUST02496,Female,0,Yes,No,12,No,No,Month-to-month,No,Credit card (automatic),23.6,340.81,No
CUST02497,Male,0,No,No,11,Yes,Fiber optic,Two year,Yes,Mailed check,50.81,464.58,No
CUST02498,Male,1,No,No,27,Yes,DSL,One year,No,Bank transfer (automatic),124.7,3485.13,No
CUST02499,Female,0,No,No,26,Yes,DSL,Month-to-month,No,Bank transfer (automatic),121.22,3195.28,Yes
CUST02500,Male,0,Yes,No,35,Yes,No,Month-to-month,Yes,Electronic check,18.0,707.16,No
